2026-02-26 21:10:20 [restartedMain] INFO  b.c.pc.omniflow.OmniflowApplication - Starting OmniflowApplication using Java 17.0.15 with PID 1388877 (/home/paulo/Documentos/projetos/omniflow/target/classes started by paulo in /home/paulo/Documentos/projetos/omniflow)
2026-02-26 21:10:20 [restartedMain] DEBUG b.c.pc.omniflow.OmniflowApplication - Running with Spring Boot v4.0.3, Spring v7.0.5
2026-02-26 21:10:20 [restartedMain] INFO  b.c.pc.omniflow.OmniflowApplication - The following 1 profile is active: "dev"
2026-02-26 21:10:20 [restartedMain] INFO  o.s.d.r.c.RepositoryConfigurationDelegate - Bootstrapping Spring Data JPA repositories in DEFAULT mode.
2026-02-26 21:10:20 [restartedMain] INFO  o.s.d.r.c.RepositoryConfigurationDelegate - Finished Spring Data repository scanning in 90 ms. Found 14 JPA repository interfaces.
2026-02-26 21:10:20 [restartedMain] INFO  o.s.boot.tomcat.TomcatWebServer - Tomcat initialized with port 8080 (http)
2026-02-26 21:10:20 [restartedMain] INFO  o.a.catalina.core.StandardService - Starting service [Tomcat]
2026-02-26 21:10:20 [restartedMain] INFO  o.a.catalina.core.StandardEngine - Starting Servlet engine: [Apache Tomcat/11.0.18]
2026-02-26 21:10:21 [restartedMain] INFO  o.s.b.w.c.s.WebApplicationContextInitializer - Root WebApplicationContext: initialization completed in 874 ms
2026-02-26 21:10:21 [restartedMain] INFO  org.hibernate.orm.jpa - HHH008540: Processing PersistenceUnitInfo [name: default]
2026-02-26 21:10:21 [restartedMain] INFO  o.s.o.j.p.SpringPersistenceUnitInfo - No LoadTimeWeaver setup: ignoring JPA class transformer
2026-02-26 21:10:21 [restartedMain] INFO  com.zaxxer.hikari.HikariDataSource - HikariPool-2 - Starting...
2026-02-26 21:10:21 [restartedMain] INFO  com.zaxxer.hikari.pool.HikariPool - HikariPool-2 - Added connection org.postgresql.jdbc.PgConnection@78c3121e
2026-02-26 21:10:21 [restartedMain] INFO  com.zaxxer.hikari.HikariDataSource - HikariPool-2 - Start completed.
2026-02-26 21:10:21 [restartedMain] WARN  org.hibernate.orm.deprecation - HHH90000025: PostgreSQLDialect does not need to be specified explicitly using 'hibernate.dialect' (remove the property setting and it will be selected by default)
2026-02-26 21:10:21 [restartedMain] INFO  o.hibernate.orm.connections.pooling - HHH10001005: Database info:
	Database JDBC URL [jdbc:postgresql://10.0.1.9:5438/omniflow]
	Database driver: PostgreSQL JDBC Driver
	Database dialect: PostgreSQLDialect
	Database version: 16.2
	Default catalog/schema: omniflow/public
	Autocommit mode: undefined/unknown
	Isolation level: READ_COMMITTED [default READ_COMMITTED]
	JDBC fetch size: none
	Pool: DataSourceConnectionProvider
	Minimum pool size: undefined/unknown
	Maximum pool size: undefined/unknown
2026-02-26 21:10:21 [restartedMain] WARN  org.hibernate.orm.core - HHH000038: Composite id class does not override equals(): br.com.pc.omniflow.domain.model.EstoqueSaldoId
2026-02-26 21:10:22 [restartedMain] INFO  org.hibernate.orm.core - HHH000489: No JTA platform available (set 'hibernate.transaction.jta.platform' to enable JTA platform integration)
2026-02-26 21:10:23 [restartedMain] INFO  o.s.o.j.LocalContainerEntityManagerFactoryBean - Initialized JPA EntityManagerFactory for persistence unit 'default'
2026-02-26 21:10:23 [restartedMain] WARN  o.s.b.j.a.JpaBaseConfiguration$JpaWebConfiguration - spring.jpa.open-in-view is enabled by default. Therefore, database queries may be performed during view rendering. Explicitly configure spring.jpa.open-in-view to disable this warning
2026-02-26 21:10:24 [restartedMain] INFO  o.s.boot.tomcat.TomcatWebServer - Tomcat started on port 8080 (http) with context path '/'
2026-02-26 21:10:24 [restartedMain] INFO  b.c.pc.omniflow.OmniflowApplication - Started OmniflowApplication in 4.623 seconds (process running for 167.8)
2026-02-26 21:10:24 [restartedMain] INFO  o.s.b.d.a.ConditionEvaluationDeltaLoggingListener - Condition evaluation unchanged
2026-02-26 21:14:26 [File Watcher] INFO  o.s.b.d.a.LocalDevToolsAutoConfiguration$RestartingClassPathChangeChangedEventListener - Restarting due to 1 class path change (0 additions, 1 deletion, 0 modifications)
2026-02-26 21:14:26 [Thread-5] INFO  o.s.boot.tomcat.GracefulShutdown - Commencing graceful shutdown. Waiting for active requests to complete
2026-02-26 21:14:26 [tomcat-shutdown] INFO  o.s.boot.tomcat.GracefulShutdown - Graceful shutdown complete
2026-02-26 21:14:26 [Thread-5] INFO  o.s.o.j.LocalContainerEntityManagerFactoryBean - Closing JPA EntityManagerFactory for persistence unit 'default'
2026-02-26 21:14:26 [Thread-5] INFO  com.zaxxer.hikari.HikariDataSource - HikariPool-2 - Shutdown initiated...
2026-02-26 21:14:26 [Thread-5] INFO  com.zaxxer.hikari.HikariDataSource - HikariPool-2 - Shutdown completed.
2026-02-26 21:14:27 [restartedMain] INFO  b.c.pc.omniflow.OmniflowApplication - Starting OmniflowApplication using Java 17.0.15 with PID 1388877 (/home/paulo/Documentos/projetos/omniflow/target/classes started by paulo in /home/paulo/Documentos/projetos/omniflow)
2026-02-26 21:14:27 [restartedMain] DEBUG b.c.pc.omniflow.OmniflowApplication - Running with Spring Boot v4.0.3, Spring v7.0.5
2026-02-26 21:14:27 [restartedMain] INFO  b.c.pc.omniflow.OmniflowApplication - The following 1 profile is active: "dev"
2026-02-26 21:14:27 [restartedMain] INFO  o.s.d.r.c.RepositoryConfigurationDelegate - Bootstrapping Spring Data JPA repositories in DEFAULT mode.
2026-02-26 21:14:27 [restartedMain] INFO  o.s.d.r.c.RepositoryConfigurationDelegate - Finished Spring Data repository scanning in 86 ms. Found 14 JPA repository interfaces.
2026-02-26 21:14:28 [restartedMain] INFO  o.s.boot.tomcat.TomcatWebServer - Tomcat initialized with port 8080 (http)
2026-02-26 21:14:28 [restartedMain] INFO  o.a.catalina.core.StandardService - Starting service [Tomcat]
2026-02-26 21:14:28 [restartedMain] INFO  o.a.catalina.core.StandardEngine - Starting Servlet engine: [Apache Tomcat/11.0.18]
2026-02-26 21:14:28 [restartedMain] INFO  o.s.b.w.c.s.WebApplicationContextInitializer - Root WebApplicationContext: initialization completed in 960 ms
2026-02-26 21:14:28 [restartedMain] INFO  org.hibernate.orm.jpa - HHH008540: Processing PersistenceUnitInfo [name: default]
2026-02-26 21:14:28 [restartedMain] INFO  o.s.o.j.p.SpringPersistenceUnitInfo - No LoadTimeWeaver setup: ignoring JPA class transformer
2026-02-26 21:14:28 [restartedMain] INFO  com.zaxxer.hikari.HikariDataSource - HikariPool-3 - Starting...
2026-02-26 21:14:28 [restartedMain] INFO  com.zaxxer.hikari.pool.HikariPool - HikariPool-3 - Added connection org.postgresql.jdbc.PgConnection@2e6e7d4d
2026-02-26 21:14:28 [restartedMain] INFO  com.zaxxer.hikari.HikariDataSource - HikariPool-3 - Start completed.
2026-02-26 21:14:28 [restartedMain] WARN  org.hibernate.orm.deprecation - HHH90000025: PostgreSQLDialect does not need to be specified explicitly using 'hibernate.dialect' (remove the property setting and it will be selected by default)
2026-02-26 21:14:28 [restartedMain] INFO  o.hibernate.orm.connections.pooling - HHH10001005: Database info:
	Database JDBC URL [jdbc:postgresql://10.0.1.9:5438/omniflow]
	Database driver: PostgreSQL JDBC Driver
	Database dialect: PostgreSQLDialect
	Database version: 16.2
	Default catalog/schema: omniflow/public
	Autocommit mode: undefined/unknown
	Isolation level: READ_COMMITTED [default READ_COMMITTED]
	JDBC fetch size: none
	Pool: DataSourceConnectionProvider
	Minimum pool size: undefined/unknown
	Maximum pool size: undefined/unknown
2026-02-26 21:14:29 [restartedMain] WARN  org.hibernate.orm.core - HHH000038: Composite id class does not override equals(): br.com.pc.omniflow.domain.model.EstoqueSaldoId
2026-02-26 21:14:29 [restartedMain] INFO  org.hibernate.orm.core - HHH000489: No JTA platform available (set 'hibernate.transaction.jta.platform' to enable JTA platform integration)
2026-02-26 21:14:30 [restartedMain] INFO  o.s.o.j.LocalContainerEntityManagerFactoryBean - Initialized JPA EntityManagerFactory for persistence unit 'default'
2026-02-26 21:14:31 [restartedMain] WARN  o.s.b.j.a.JpaBaseConfiguration$JpaWebConfiguration - spring.jpa.open-in-view is enabled by default. Therefore, database queries may be performed during view rendering. Explicitly configure spring.jpa.open-in-view to disable this warning
2026-02-26 21:14:31 [restartedMain] INFO  o.s.boot.tomcat.TomcatWebServer - Tomcat started on port 8080 (http) with context path '/'
2026-02-26 21:14:31 [restartedMain] INFO  b.c.pc.omniflow.OmniflowApplication - Started OmniflowApplication in 4.771 seconds (process running for 415.205)
2026-02-26 21:14:31 [restartedMain] INFO  o.s.b.d.a.ConditionEvaluationDeltaLoggingListener - Condition evaluation unchanged
2026-02-26 21:14:33 [File Watcher] INFO  o.s.b.d.a.LocalDevToolsAutoConfiguration$RestartingClassPathChangeChangedEventListener - Restarting due to 1 class path change (1 addition, 0 deletions, 0 modifications)
2026-02-26 21:14:33 [Thread-9] INFO  o.s.boot.tomcat.GracefulShutdown - Commencing graceful shutdown. Waiting for active requests to complete
2026-02-26 21:14:33 [tomcat-shutdown] INFO  o.s.boot.tomcat.GracefulShutdown - Graceful shutdown complete
2026-02-26 21:14:33 [Thread-9] INFO  o.s.o.j.LocalContainerEntityManagerFactoryBean - Closing JPA EntityManagerFactory for persistence unit 'default'
2026-02-26 21:14:33 [Thread-9] INFO  com.zaxxer.hikari.HikariDataSource - HikariPool-3 - Shutdown initiated...
2026-02-26 21:14:33 [Thread-9] INFO  com.zaxxer.hikari.HikariDataSource - HikariPool-3 - Shutdown completed.
2026-02-26 21:14:33 [restartedMain] INFO  b.c.pc.omniflow.OmniflowApplication - Starting OmniflowApplication using Java 17.0.15 with PID 1388877 (/home/paulo/Documentos/projetos/omniflow/target/classes started by paulo in /home/paulo/Documentos/projetos/omniflow)
2026-02-26 21:14:33 [restartedMain] DEBUG b.c.pc.omniflow.OmniflowApplication - Running with Spring Boot v4.0.3, Spring v7.0.5
2026-02-26 21:14:33 [restartedMain] INFO  b.c.pc.omniflow.OmniflowApplication - The following 1 profile is active: "dev"
2026-02-26 21:14:33 [restartedMain] INFO  o.s.d.r.c.RepositoryConfigurationDelegate - Bootstrapping Spring Data JPA repositories in DEFAULT mode.
2026-02-26 21:14:33 [restartedMain] INFO  o.s.d.r.c.RepositoryConfigurationDelegate - Finished Spring Data repository scanning in 56 ms. Found 14 JPA repository interfaces.
2026-02-26 21:14:34 [restartedMain] INFO  o.s.boot.tomcat.TomcatWebServer - Tomcat initialized with port 8080 (http)
2026-02-26 21:14:34 [restartedMain] INFO  o.a.catalina.core.StandardService - Starting service [Tomcat]
2026-02-26 21:14:34 [restartedMain] INFO  o.a.catalina.core.StandardEngine - Starting Servlet engine: [Apache Tomcat/11.0.18]
2026-02-26 21:14:34 [restartedMain] INFO  o.s.b.w.c.s.WebApplicationContextInitializer - Root WebApplicationContext: initialization completed in 503 ms
2026-02-26 21:14:34 [restartedMain] INFO  org.hibernate.orm.jpa - HHH008540: Processing PersistenceUnitInfo [name: default]
2026-02-26 21:14:34 [restartedMain] INFO  o.s.o.j.p.SpringPersistenceUnitInfo - No LoadTimeWeaver setup: ignoring JPA class transformer
2026-02-26 21:14:34 [restartedMain] INFO  com.zaxxer.hikari.HikariDataSource - HikariPool-4 - Starting...
2026-02-26 21:14:34 [restartedMain] INFO  com.zaxxer.hikari.pool.HikariPool - HikariPool-4 - Added connection org.postgresql.jdbc.PgConnection@841dfb4
2026-02-26 21:14:34 [restartedMain] INFO  com.zaxxer.hikari.HikariDataSource - HikariPool-4 - Start completed.
2026-02-26 21:14:34 [restartedMain] WARN  org.hibernate.orm.deprecation - HHH90000025: PostgreSQLDialect does not need to be specified explicitly using 'hibernate.dialect' (remove the property setting and it will be selected by default)
2026-02-26 21:14:34 [restartedMain] INFO  o.hibernate.orm.connections.pooling - HHH10001005: Database info:
	Database JDBC URL [jdbc:postgresql://10.0.1.9:5438/omniflow]
	Database driver: PostgreSQL JDBC Driver
	Database dialect: PostgreSQLDialect
	Database version: 16.2
	Default catalog/schema: omniflow/public
	Autocommit mode: undefined/unknown
	Isolation level: READ_COMMITTED [default READ_COMMITTED]
	JDBC fetch size: none
	Pool: DataSourceConnectionProvider
	Minimum pool size: undefined/unknown
	Maximum pool size: undefined/unknown
2026-02-26 21:14:34 [restartedMain] WARN  org.hibernate.orm.core - HHH000038: Composite id class does not override equals(): br.com.pc.omniflow.domain.model.EstoqueSaldoId
2026-02-26 21:14:35 [restartedMain] INFO  org.hibernate.orm.core - HHH000489: No JTA platform available (set 'hibernate.transaction.jta.platform' to enable JTA platform integration)
2026-02-26 21:14:36 [restartedMain] INFO  o.s.o.j.LocalContainerEntityManagerFactoryBean - Initialized JPA EntityManagerFactory for persistence unit 'default'
2026-02-26 21:14:36 [restartedMain] WARN  o.s.b.j.a.JpaBaseConfiguration$JpaWebConfiguration - spring.jpa.open-in-view is enabled by default. Therefore, database queries may be performed during view rendering. Explicitly configure spring.jpa.open-in-view to disable this warning
2026-02-26 21:14:37 [restartedMain] INFO  o.s.boot.tomcat.TomcatWebServer - Tomcat started on port 8080 (http) with context path '/'
2026-02-26 21:14:37 [restartedMain] INFO  b.c.pc.omniflow.OmniflowApplication - Started OmniflowApplication in 3.691 seconds (process running for 420.742)
2026-02-26 21:14:37 [restartedMain] INFO  o.s.b.d.a.ConditionEvaluationDeltaLoggingListener - Condition evaluation unchanged
2026-02-26 21:16:47 [File Watcher] INFO  o.s.b.d.a.LocalDevToolsAutoConfiguration$RestartingClassPathChangeChangedEventListener - Restarting due to 1 class path change (1 addition, 0 deletions, 0 modifications)
2026-02-26 21:16:47 [Thread-13] INFO  o.s.boot.tomcat.GracefulShutdown - Commencing graceful shutdown. Waiting for active requests to complete
2026-02-26 21:16:47 [tomcat-shutdown] INFO  o.s.boot.tomcat.GracefulShutdown - Graceful shutdown complete
2026-02-26 21:16:47 [Thread-13] INFO  o.s.o.j.LocalContainerEntityManagerFactoryBean - Closing JPA EntityManagerFactory for persistence unit 'default'
2026-02-26 21:16:48 [Thread-13] INFO  com.zaxxer.hikari.HikariDataSource - HikariPool-4 - Shutdown initiated...
2026-02-26 21:16:48 [Thread-13] INFO  com.zaxxer.hikari.HikariDataSource - HikariPool-4 - Shutdown completed.
2026-02-26 21:16:48 [restartedMain] INFO  b.c.pc.omniflow.OmniflowApplication - Starting OmniflowApplication using Java 17.0.15 with PID 1388877 (/home/paulo/Documentos/projetos/omniflow/target/classes started by paulo in /home/paulo/Documentos/projetos/omniflow)
2026-02-26 21:16:48 [restartedMain] DEBUG b.c.pc.omniflow.OmniflowApplication - Running with Spring Boot v4.0.3, Spring v7.0.5
2026-02-26 21:16:48 [restartedMain] INFO  b.c.pc.omniflow.OmniflowApplication - The following 1 profile is active: "dev"
2026-02-26 21:16:48 [restartedMain] INFO  o.s.d.r.c.RepositoryConfigurationDelegate - Bootstrapping Spring Data JPA repositories in DEFAULT mode.
2026-02-26 21:16:49 [restartedMain] INFO  o.s.d.r.c.RepositoryConfigurationDelegate - Finished Spring Data repository scanning in 65 ms. Found 14 JPA repository interfaces.
2026-02-26 21:16:49 [restartedMain] INFO  o.s.boot.tomcat.TomcatWebServer - Tomcat initialized with port 8080 (http)
2026-02-26 21:16:49 [restartedMain] INFO  o.a.catalina.core.StandardService - Starting service [Tomcat]
2026-02-26 21:16:49 [restartedMain] INFO  o.a.catalina.core.StandardEngine - Starting Servlet engine: [Apache Tomcat/11.0.18]
2026-02-26 21:16:49 [restartedMain] INFO  o.s.b.w.c.s.WebApplicationContextInitializer - Root WebApplicationContext: initialization completed in 633 ms
2026-02-26 21:16:49 [restartedMain] INFO  org.hibernate.orm.jpa - HHH008540: Processing PersistenceUnitInfo [name: default]
2026-02-26 21:16:49 [restartedMain] INFO  o.s.o.j.p.SpringPersistenceUnitInfo - No LoadTimeWeaver setup: ignoring JPA class transformer
2026-02-26 21:16:49 [restartedMain] INFO  com.zaxxer.hikari.HikariDataSource - HikariPool-5 - Starting...
2026-02-26 21:16:49 [restartedMain] INFO  com.zaxxer.hikari.pool.HikariPool - HikariPool-5 - Added connection org.postgresql.jdbc.PgConnection@7496aba3
2026-02-26 21:16:49 [restartedMain] INFO  com.zaxxer.hikari.HikariDataSource - HikariPool-5 - Start completed.
2026-02-26 21:16:49 [restartedMain] WARN  org.hibernate.orm.deprecation - HHH90000025: PostgreSQLDialect does not need to be specified explicitly using 'hibernate.dialect' (remove the property setting and it will be selected by default)
2026-02-26 21:16:49 [restartedMain] INFO  o.hibernate.orm.connections.pooling - HHH10001005: Database info:
	Database JDBC URL [jdbc:postgresql://10.0.1.9:5438/omniflow]
	Database driver: PostgreSQL JDBC Driver
	Database dialect: PostgreSQLDialect
	Database version: 16.2
	Default catalog/schema: omniflow/public
	Autocommit mode: undefined/unknown
	Isolation level: READ_COMMITTED [default READ_COMMITTED]
	JDBC fetch size: none
	Pool: DataSourceConnectionProvider
	Minimum pool size: undefined/unknown
	Maximum pool size: undefined/unknown
2026-02-26 21:16:49 [restartedMain] WARN  org.hibernate.orm.core - HHH000038: Composite id class does not override equals(): br.com.pc.omniflow.domain.model.EstoqueSaldoId
2026-02-26 21:16:50 [restartedMain] INFO  org.hibernate.orm.core - HHH000489: No JTA platform available (set 'hibernate.transaction.jta.platform' to enable JTA platform integration)
2026-02-26 21:16:51 [restartedMain] INFO  o.s.o.j.LocalContainerEntityManagerFactoryBean - Initialized JPA EntityManagerFactory for persistence unit 'default'
2026-02-26 21:16:51 [restartedMain] WARN  o.s.b.j.a.JpaBaseConfiguration$JpaWebConfiguration - spring.jpa.open-in-view is enabled by default. Therefore, database queries may be performed during view rendering. Explicitly configure spring.jpa.open-in-view to disable this warning
2026-02-26 21:16:51 [restartedMain] INFO  o.s.boot.tomcat.TomcatWebServer - Tomcat started on port 8080 (http) with context path '/'
2026-02-26 21:16:51 [restartedMain] INFO  b.c.pc.omniflow.OmniflowApplication - Started OmniflowApplication in 3.289 seconds (process running for 555.288)
2026-02-26 21:16:51 [restartedMain] INFO  o.s.b.d.a.ConditionEvaluationDeltaLoggingListener - Condition evaluation unchanged
2026-02-26 21:17:45 [File Watcher] INFO  o.s.b.d.a.LocalDevToolsAutoConfiguration$RestartingClassPathChangeChangedEventListener - Restarting due to 1 class path change (0 additions, 0 deletions, 1 modification)
2026-02-26 21:17:45 [Thread-17] INFO  o.s.boot.tomcat.GracefulShutdown - Commencing graceful shutdown. Waiting for active requests to complete
2026-02-26 21:17:45 [tomcat-shutdown] INFO  o.s.boot.tomcat.GracefulShutdown - Graceful shutdown complete
2026-02-26 21:17:45 [Thread-17] INFO  o.s.o.j.LocalContainerEntityManagerFactoryBean - Closing JPA EntityManagerFactory for persistence unit 'default'
2026-02-26 21:17:46 [Thread-17] INFO  com.zaxxer.hikari.HikariDataSource - HikariPool-5 - Shutdown initiated...
2026-02-26 21:17:46 [Thread-17] INFO  com.zaxxer.hikari.HikariDataSource - HikariPool-5 - Shutdown completed.
2026-02-26 21:17:46 [restartedMain] INFO  b.c.pc.omniflow.OmniflowApplication - Starting OmniflowApplication using Java 17.0.15 with PID 1388877 (/home/paulo/Documentos/projetos/omniflow/target/classes started by paulo in /home/paulo/Documentos/projetos/omniflow)
2026-02-26 21:17:46 [restartedMain] DEBUG b.c.pc.omniflow.OmniflowApplication - Running with Spring Boot v4.0.3, Spring v7.0.5
2026-02-26 21:17:46 [restartedMain] INFO  b.c.pc.omniflow.OmniflowApplication - The following 1 profile is active: "dev"
2026-02-26 21:17:46 [restartedMain] INFO  o.s.d.r.c.RepositoryConfigurationDelegate - Bootstrapping Spring Data JPA repositories in DEFAULT mode.
2026-02-26 21:17:46 [restartedMain] INFO  o.s.d.r.c.RepositoryConfigurationDelegate - Finished Spring Data repository scanning in 31 ms. Found 14 JPA repository interfaces.
2026-02-26 21:17:46 [restartedMain] INFO  o.s.boot.tomcat.TomcatWebServer - Tomcat initialized with port 8080 (http)
2026-02-26 21:17:46 [restartedMain] INFO  o.a.catalina.core.StandardService - Starting service [Tomcat]
2026-02-26 21:17:46 [restartedMain] INFO  o.a.catalina.core.StandardEngine - Starting Servlet engine: [Apache Tomcat/11.0.18]
2026-02-26 21:17:46 [restartedMain] INFO  o.s.b.w.c.s.WebApplicationContextInitializer - Root WebApplicationContext: initialization completed in 337 ms
2026-02-26 21:17:46 [restartedMain] INFO  org.hibernate.orm.jpa - HHH008540: Processing PersistenceUnitInfo [name: default]
2026-02-26 21:17:46 [restartedMain] INFO  o.s.o.j.p.SpringPersistenceUnitInfo - No LoadTimeWeaver setup: ignoring JPA class transformer
2026-02-26 21:17:46 [restartedMain] INFO  com.zaxxer.hikari.HikariDataSource - HikariPool-6 - Starting...
2026-02-26 21:17:46 [restartedMain] INFO  com.zaxxer.hikari.pool.HikariPool - HikariPool-6 - Added connection org.postgresql.jdbc.PgConnection@4d618d28
2026-02-26 21:17:46 [restartedMain] INFO  com.zaxxer.hikari.HikariDataSource - HikariPool-6 - Start completed.
2026-02-26 21:17:46 [restartedMain] WARN  org.hibernate.orm.deprecation - HHH90000025: PostgreSQLDialect does not need to be specified explicitly using 'hibernate.dialect' (remove the property setting and it will be selected by default)
2026-02-26 21:17:46 [restartedMain] INFO  o.hibernate.orm.connections.pooling - HHH10001005: Database info:
	Database JDBC URL [jdbc:postgresql://10.0.1.9:5438/omniflow]
	Database driver: PostgreSQL JDBC Driver
	Database dialect: PostgreSQLDialect
	Database version: 16.2
	Default catalog/schema: omniflow/public
	Autocommit mode: undefined/unknown
	Isolation level: READ_COMMITTED [default READ_COMMITTED]
	JDBC fetch size: none
	Pool: DataSourceConnectionProvider
	Minimum pool size: undefined/unknown
	Maximum pool size: undefined/unknown
2026-02-26 21:17:47 [restartedMain] WARN  org.hibernate.orm.core - HHH000038: Composite id class does not override equals(): br.com.pc.omniflow.domain.model.EstoqueSaldoId
2026-02-26 21:17:47 [restartedMain] INFO  org.hibernate.orm.core - HHH000489: No JTA platform available (set 'hibernate.transaction.jta.platform' to enable JTA platform integration)
2026-02-26 21:17:48 [restartedMain] INFO  o.s.o.j.LocalContainerEntityManagerFactoryBean - Initialized JPA EntityManagerFactory for persistence unit 'default'
2026-02-26 21:17:48 [restartedMain] WARN  o.s.b.j.a.JpaBaseConfiguration$JpaWebConfiguration - spring.jpa.open-in-view is enabled by default. Therefore, database queries may be performed during view rendering. Explicitly configure spring.jpa.open-in-view to disable this warning
2026-02-26 21:17:48 [restartedMain] INFO  o.s.boot.tomcat.TomcatWebServer - Tomcat started on port 8080 (http) with context path '/'
2026-02-26 21:17:48 [restartedMain] INFO  b.c.pc.omniflow.OmniflowApplication - Started OmniflowApplication in 2.437 seconds (process running for 612.167)
2026-02-26 21:17:48 [restartedMain] INFO  o.s.b.d.a.ConditionEvaluationDeltaLoggingListener - Condition evaluation unchanged
2026-02-26 21:34:33 [File Watcher] INFO  o.s.b.d.a.LocalDevToolsAutoConfiguration$RestartingClassPathChangeChangedEventListener - Restarting due to 1 class path change (1 addition, 0 deletions, 0 modifications)
2026-02-26 21:34:33 [Thread-21] INFO  o.s.boot.tomcat.GracefulShutdown - Commencing graceful shutdown. Waiting for active requests to complete
2026-02-26 21:34:33 [tomcat-shutdown] INFO  o.s.boot.tomcat.GracefulShutdown - Graceful shutdown complete
2026-02-26 21:34:33 [Thread-21] INFO  o.s.o.j.LocalContainerEntityManagerFactoryBean - Closing JPA EntityManagerFactory for persistence unit 'default'
2026-02-26 21:34:33 [Thread-21] INFO  com.zaxxer.hikari.HikariDataSource - HikariPool-6 - Shutdown initiated...
2026-02-26 21:34:33 [Thread-21] INFO  com.zaxxer.hikari.HikariDataSource - HikariPool-6 - Shutdown completed.
2026-02-26 21:34:33 [restartedMain] INFO  b.c.pc.omniflow.OmniflowApplication - Starting OmniflowApplication using Java 17.0.15 with PID 1388877 (/home/paulo/Documentos/projetos/omniflow/target/classes started by paulo in /home/paulo/Documentos/projetos/omniflow)
2026-02-26 21:34:33 [restartedMain] DEBUG b.c.pc.omniflow.OmniflowApplication - Running with Spring Boot v4.0.3, Spring v7.0.5
2026-02-26 21:34:33 [restartedMain] INFO  b.c.pc.omniflow.OmniflowApplication - The following 1 profile is active: "dev"
2026-02-26 21:34:34 [restartedMain] INFO  o.s.d.r.c.RepositoryConfigurationDelegate - Bootstrapping Spring Data JPA repositories in DEFAULT mode.
2026-02-26 21:34:34 [restartedMain] INFO  o.s.d.r.c.RepositoryConfigurationDelegate - Finished Spring Data repository scanning in 59 ms. Found 14 JPA repository interfaces.
2026-02-26 21:34:34 [restartedMain] INFO  o.s.boot.tomcat.TomcatWebServer - Tomcat initialized with port 8080 (http)
2026-02-26 21:34:34 [restartedMain] INFO  o.a.catalina.core.StandardService - Starting service [Tomcat]
2026-02-26 21:34:34 [restartedMain] INFO  o.a.catalina.core.StandardEngine - Starting Servlet engine: [Apache Tomcat/11.0.18]
2026-02-26 21:34:34 [restartedMain] INFO  o.s.b.w.c.s.WebApplicationContextInitializer - Root WebApplicationContext: initialization completed in 526 ms
2026-02-26 21:34:34 [restartedMain] INFO  org.hibernate.orm.jpa - HHH008540: Processing PersistenceUnitInfo [name: default]
2026-02-26 21:34:34 [restartedMain] INFO  o.s.o.j.p.SpringPersistenceUnitInfo - No LoadTimeWeaver setup: ignoring JPA class transformer
2026-02-26 21:34:34 [restartedMain] INFO  com.zaxxer.hikari.HikariDataSource - HikariPool-7 - Starting...
2026-02-26 21:34:34 [restartedMain] INFO  com.zaxxer.hikari.pool.HikariPool - HikariPool-7 - Added connection org.postgresql.jdbc.PgConnection@791e4160
2026-02-26 21:34:34 [restartedMain] INFO  com.zaxxer.hikari.HikariDataSource - HikariPool-7 - Start completed.
2026-02-26 21:34:34 [restartedMain] WARN  org.hibernate.orm.deprecation - HHH90000025: PostgreSQLDialect does not need to be specified explicitly using 'hibernate.dialect' (remove the property setting and it will be selected by default)
2026-02-26 21:34:34 [restartedMain] INFO  o.hibernate.orm.connections.pooling - HHH10001005: Database info:
	Database JDBC URL [jdbc:postgresql://10.0.1.9:5438/omniflow]
	Database driver: PostgreSQL JDBC Driver
	Database dialect: PostgreSQLDialect
	Database version: 16.2
	Default catalog/schema: omniflow/public
	Autocommit mode: undefined/unknown
	Isolation level: READ_COMMITTED [default READ_COMMITTED]
	JDBC fetch size: none
	Pool: DataSourceConnectionProvider
	Minimum pool size: undefined/unknown
	Maximum pool size: undefined/unknown
2026-02-26 21:34:34 [restartedMain] WARN  org.hibernate.orm.core - HHH000038: Composite id class does not override equals(): br.com.pc.omniflow.domain.model.EstoqueSaldoId
2026-02-26 21:34:34 [restartedMain] INFO  org.hibernate.orm.core - HHH000489: No JTA platform available (set 'hibernate.transaction.jta.platform' to enable JTA platform integration)
2026-02-26 21:34:35 [restartedMain] INFO  o.s.o.j.LocalContainerEntityManagerFactoryBean - Initialized JPA EntityManagerFactory for persistence unit 'default'
2026-02-26 21:34:36 [restartedMain] WARN  o.s.b.j.a.JpaBaseConfiguration$JpaWebConfiguration - spring.jpa.open-in-view is enabled by default. Therefore, database queries may be performed during view rendering. Explicitly configure spring.jpa.open-in-view to disable this warning
2026-02-26 21:34:36 [restartedMain] INFO  o.s.boot.tomcat.TomcatWebServer - Tomcat started on port 8080 (http) with context path '/'
2026-02-26 21:34:36 [restartedMain] INFO  b.c.pc.omniflow.OmniflowApplication - Started OmniflowApplication in 2.972 seconds (process running for 1620.098)
2026-02-26 21:34:36 [restartedMain] INFO  o.s.b.d.a.ConditionEvaluationDeltaLoggingListener - Condition evaluation unchanged
2026-02-26 21:34:57 [File Watcher] INFO  o.s.b.d.a.LocalDevToolsAutoConfiguration$RestartingClassPathChangeChangedEventListener - Restarting due to 1 class path change (0 additions, 0 deletions, 1 modification)
2026-02-26 21:34:57 [Thread-25] INFO  o.s.boot.tomcat.GracefulShutdown - Commencing graceful shutdown. Waiting for active requests to complete
2026-02-26 21:34:57 [tomcat-shutdown] INFO  o.s.boot.tomcat.GracefulShutdown - Graceful shutdown complete
2026-02-26 21:34:57 [Thread-25] INFO  o.s.o.j.LocalContainerEntityManagerFactoryBean - Closing JPA EntityManagerFactory for persistence unit 'default'
2026-02-26 21:34:57 [Thread-25] INFO  com.zaxxer.hikari.HikariDataSource - HikariPool-7 - Shutdown initiated...
2026-02-26 21:34:57 [Thread-25] INFO  com.zaxxer.hikari.HikariDataSource - HikariPool-7 - Shutdown completed.
2026-02-26 21:34:58 [restartedMain] INFO  b.c.pc.omniflow.OmniflowApplication - Starting OmniflowApplication using Java 17.0.15 with PID 1388877 (/home/paulo/Documentos/projetos/omniflow/target/classes started by paulo in /home/paulo/Documentos/projetos/omniflow)
2026-02-26 21:34:58 [restartedMain] DEBUG b.c.pc.omniflow.OmniflowApplication - Running with Spring Boot v4.0.3, Spring v7.0.5
2026-02-26 21:34:58 [restartedMain] INFO  b.c.pc.omniflow.OmniflowApplication - The following 1 profile is active: "dev"
2026-02-26 21:34:58 [restartedMain] INFO  o.s.d.r.c.RepositoryConfigurationDelegate - Bootstrapping Spring Data JPA repositories in DEFAULT mode.
2026-02-26 21:34:58 [restartedMain] INFO  o.s.d.r.c.RepositoryConfigurationDelegate - Finished Spring Data repository scanning in 47 ms. Found 14 JPA repository interfaces.
2026-02-26 21:34:58 [restartedMain] INFO  o.s.boot.tomcat.TomcatWebServer - Tomcat initialized with port 8080 (http)
2026-02-26 21:34:58 [restartedMain] INFO  o.a.catalina.core.StandardService - Starting service [Tomcat]
2026-02-26 21:34:58 [restartedMain] INFO  o.a.catalina.core.StandardEngine - Starting Servlet engine: [Apache Tomcat/11.0.18]
2026-02-26 21:34:58 [restartedMain] INFO  o.s.b.w.c.s.WebApplicationContextInitializer - Root WebApplicationContext: initialization completed in 386 ms
2026-02-26 21:34:58 [restartedMain] INFO  org.hibernate.orm.jpa - HHH008540: Processing PersistenceUnitInfo [name: default]
2026-02-26 21:34:58 [restartedMain] INFO  o.s.o.j.p.SpringPersistenceUnitInfo - No LoadTimeWeaver setup: ignoring JPA class transformer
2026-02-26 21:34:58 [restartedMain] INFO  com.zaxxer.hikari.HikariDataSource - HikariPool-8 - Starting...
2026-02-26 21:34:58 [restartedMain] INFO  com.zaxxer.hikari.pool.HikariPool - HikariPool-8 - Added connection org.postgresql.jdbc.PgConnection@792c5eb3
2026-02-26 21:34:58 [restartedMain] INFO  com.zaxxer.hikari.HikariDataSource - HikariPool-8 - Start completed.
2026-02-26 21:34:58 [restartedMain] WARN  org.hibernate.orm.deprecation - HHH90000025: PostgreSQLDialect does not need to be specified explicitly using 'hibernate.dialect' (remove the property setting and it will be selected by default)
2026-02-26 21:34:58 [restartedMain] INFO  o.hibernate.orm.connections.pooling - HHH10001005: Database info:
	Database JDBC URL [jdbc:postgresql://10.0.1.9:5438/omniflow]
	Database driver: PostgreSQL JDBC Driver
	Database dialect: PostgreSQLDialect
	Database version: 16.2
	Default catalog/schema: omniflow/public
	Autocommit mode: undefined/unknown
	Isolation level: READ_COMMITTED [default READ_COMMITTED]
	JDBC fetch size: none
	Pool: DataSourceConnectionProvider
	Minimum pool size: undefined/unknown
	Maximum pool size: undefined/unknown
2026-02-26 21:34:58 [restartedMain] WARN  org.hibernate.orm.core - HHH000038: Composite id class does not override equals(): br.com.pc.omniflow.domain.model.EstoqueSaldoId
2026-02-26 21:34:59 [restartedMain] INFO  org.hibernate.orm.core - HHH000489: No JTA platform available (set 'hibernate.transaction.jta.platform' to enable JTA platform integration)
2026-02-26 21:35:00 [restartedMain] INFO  o.s.o.j.LocalContainerEntityManagerFactoryBean - Initialized JPA EntityManagerFactory for persistence unit 'default'
2026-02-26 21:35:00 [restartedMain] WARN  o.s.b.j.a.JpaBaseConfiguration$JpaWebConfiguration - spring.jpa.open-in-view is enabled by default. Therefore, database queries may be performed during view rendering. Explicitly configure spring.jpa.open-in-view to disable this warning
2026-02-26 21:35:00 [restartedMain] INFO  o.s.boot.tomcat.TomcatWebServer - Tomcat started on port 8080 (http) with context path '/'
2026-02-26 21:35:00 [restartedMain] INFO  b.c.pc.omniflow.OmniflowApplication - Started OmniflowApplication in 2.683 seconds (process running for 1644.19)
2026-02-26 21:35:00 [restartedMain] INFO  o.s.b.d.a.ConditionEvaluationDeltaLoggingListener - Condition evaluation unchanged
2026-02-26 21:36:12 [File Watcher] INFO  o.s.b.d.a.LocalDevToolsAutoConfiguration$RestartingClassPathChangeChangedEventListener - Restarting due to 1 class path change (0 additions, 1 deletion, 0 modifications)
2026-02-26 21:36:12 [Thread-29] INFO  o.s.boot.tomcat.GracefulShutdown - Commencing graceful shutdown. Waiting for active requests to complete
2026-02-26 21:36:12 [tomcat-shutdown] INFO  o.s.boot.tomcat.GracefulShutdown - Graceful shutdown complete
2026-02-26 21:36:12 [Thread-29] INFO  o.s.o.j.LocalContainerEntityManagerFactoryBean - Closing JPA EntityManagerFactory for persistence unit 'default'
2026-02-26 21:36:12 [Thread-29] INFO  com.zaxxer.hikari.HikariDataSource - HikariPool-8 - Shutdown initiated...
2026-02-26 21:36:12 [Thread-29] INFO  com.zaxxer.hikari.HikariDataSource - HikariPool-8 - Shutdown completed.
2026-02-26 21:36:13 [restartedMain] INFO  b.c.pc.omniflow.OmniflowApplication - Starting OmniflowApplication using Java 17.0.15 with PID 1388877 (/home/paulo/Documentos/projetos/omniflow/target/classes started by paulo in /home/paulo/Documentos/projetos/omniflow)
2026-02-26 21:36:13 [restartedMain] DEBUG b.c.pc.omniflow.OmniflowApplication - Running with Spring Boot v4.0.3, Spring v7.0.5
2026-02-26 21:36:13 [restartedMain] INFO  b.c.pc.omniflow.OmniflowApplication - The following 1 profile is active: "dev"
2026-02-26 21:36:13 [restartedMain] INFO  o.s.d.r.c.RepositoryConfigurationDelegate - Bootstrapping Spring Data JPA repositories in DEFAULT mode.
2026-02-26 21:36:13 [restartedMain] INFO  o.s.d.r.c.RepositoryConfigurationDelegate - Finished Spring Data repository scanning in 80 ms. Found 14 JPA repository interfaces.
2026-02-26 21:36:13 [restartedMain] INFO  o.s.boot.tomcat.TomcatWebServer - Tomcat initialized with port 8080 (http)
2026-02-26 21:36:13 [restartedMain] INFO  o.a.catalina.core.StandardService - Starting service [Tomcat]
2026-02-26 21:36:13 [restartedMain] INFO  o.a.catalina.core.StandardEngine - Starting Servlet engine: [Apache Tomcat/11.0.18]
2026-02-26 21:36:13 [restartedMain] INFO  o.s.b.w.c.s.WebApplicationContextInitializer - Root WebApplicationContext: initialization completed in 544 ms
2026-02-26 21:36:13 [restartedMain] INFO  org.hibernate.orm.jpa - HHH008540: Processing PersistenceUnitInfo [name: default]
2026-02-26 21:36:13 [restartedMain] INFO  o.s.o.j.p.SpringPersistenceUnitInfo - No LoadTimeWeaver setup: ignoring JPA class transformer
2026-02-26 21:36:13 [restartedMain] INFO  com.zaxxer.hikari.HikariDataSource - HikariPool-9 - Starting...
2026-02-26 21:36:13 [restartedMain] INFO  com.zaxxer.hikari.pool.HikariPool - HikariPool-9 - Added connection org.postgresql.jdbc.PgConnection@50d6a10e
2026-02-26 21:36:13 [restartedMain] INFO  com.zaxxer.hikari.HikariDataSource - HikariPool-9 - Start completed.
2026-02-26 21:36:13 [restartedMain] WARN  org.hibernate.orm.deprecation - HHH90000025: PostgreSQLDialect does not need to be specified explicitly using 'hibernate.dialect' (remove the property setting and it will be selected by default)
2026-02-26 21:36:13 [restartedMain] INFO  o.hibernate.orm.connections.pooling - HHH10001005: Database info:
	Database JDBC URL [jdbc:postgresql://10.0.1.9:5438/omniflow]
	Database driver: PostgreSQL JDBC Driver
	Database dialect: PostgreSQLDialect
	Database version: 16.2
	Default catalog/schema: omniflow/public
	Autocommit mode: undefined/unknown
	Isolation level: READ_COMMITTED [default READ_COMMITTED]
	JDBC fetch size: none
	Pool: DataSourceConnectionProvider
	Minimum pool size: undefined/unknown
	Maximum pool size: undefined/unknown
2026-02-26 21:36:14 [restartedMain] WARN  org.hibernate.orm.core - HHH000038: Composite id class does not override equals(): br.com.pc.omniflow.domain.model.EstoqueSaldoId
2026-02-26 21:36:14 [restartedMain] INFO  org.hibernate.orm.core - HHH000489: No JTA platform available (set 'hibernate.transaction.jta.platform' to enable JTA platform integration)
2026-02-26 21:36:15 [restartedMain] INFO  o.s.o.j.LocalContainerEntityManagerFactoryBean - Initialized JPA EntityManagerFactory for persistence unit 'default'
2026-02-26 21:36:15 [restartedMain] WARN  o.s.b.w.s.s.c.AnnotationConfigServletWebServerApplicationContext - Exception encountered during context initialization - cancelling refresh attempt: org.springframework.beans.factory.UnsatisfiedDependencyException: Error creating bean with name 'omniflowApplication': Unsatisfied dependency expressed through field 'testeService': No qualifying bean of type 'br.com.pc.omniflow.service.TesteService' available: expected at least 1 bean which qualifies as autowire candidate. Dependency annotations: {@org.springframework.beans.factory.annotation.Autowired(required=true)}
2026-02-26 21:36:15 [restartedMain] INFO  o.s.o.j.LocalContainerEntityManagerFactoryBean - Closing JPA EntityManagerFactory for persistence unit 'default'
2026-02-26 21:36:15 [restartedMain] INFO  com.zaxxer.hikari.HikariDataSource - HikariPool-9 - Shutdown initiated...
2026-02-26 21:36:15 [restartedMain] INFO  com.zaxxer.hikari.HikariDataSource - HikariPool-9 - Shutdown completed.
2026-02-26 21:36:15 [restartedMain] INFO  o.a.catalina.core.StandardService - Stopping service [Tomcat]
2026-02-26 21:36:15 [restartedMain] INFO  o.s.b.a.l.ConditionEvaluationReportLogger - 

Error starting ApplicationContext. To display the condition evaluation report re-run your application with 'debug' enabled.
2026-02-26 21:36:15 [restartedMain] ERROR o.s.b.d.LoggingFailureAnalysisReporter - 

***************************
APPLICATION FAILED TO START
***************************

Description:

Field testeService in br.com.pc.omniflow.OmniflowApplication required a bean of type 'br.com.pc.omniflow.service.TesteService' that could not be found.

The injection point has the following annotations:
	- @org.springframework.beans.factory.annotation.Autowired(required=true)


Action:

Consider defining a bean of type 'br.com.pc.omniflow.service.TesteService' in your configuration.

2026-02-26 21:36:17 [restartedMain] INFO  b.c.pc.omniflow.OmniflowApplication - Starting OmniflowApplication using Java 17.0.15 with PID 1388877 (/home/paulo/Documentos/projetos/omniflow/target/classes started by paulo in /home/paulo/Documentos/projetos/omniflow)
2026-02-26 21:36:17 [restartedMain] DEBUG b.c.pc.omniflow.OmniflowApplication - Running with Spring Boot v4.0.3, Spring v7.0.5
2026-02-26 21:36:17 [restartedMain] INFO  b.c.pc.omniflow.OmniflowApplication - The following 1 profile is active: "dev"
2026-02-26 21:36:17 [restartedMain] INFO  o.s.d.r.c.RepositoryConfigurationDelegate - Bootstrapping Spring Data JPA repositories in DEFAULT mode.
2026-02-26 21:36:17 [restartedMain] INFO  o.s.d.r.c.RepositoryConfigurationDelegate - Finished Spring Data repository scanning in 50 ms. Found 14 JPA repository interfaces.
2026-02-26 21:36:17 [restartedMain] INFO  o.s.boot.tomcat.TomcatWebServer - Tomcat initialized with port 8080 (http)
2026-02-26 21:36:17 [restartedMain] INFO  o.a.catalina.core.StandardService - Starting service [Tomcat]
2026-02-26 21:36:17 [restartedMain] INFO  o.a.catalina.core.StandardEngine - Starting Servlet engine: [Apache Tomcat/11.0.18]
2026-02-26 21:36:17 [restartedMain] INFO  o.s.b.w.c.s.WebApplicationContextInitializer - Root WebApplicationContext: initialization completed in 426 ms
2026-02-26 21:36:17 [restartedMain] INFO  org.hibernate.orm.jpa - HHH008540: Processing PersistenceUnitInfo [name: default]
2026-02-26 21:36:17 [restartedMain] INFO  o.s.o.j.p.SpringPersistenceUnitInfo - No LoadTimeWeaver setup: ignoring JPA class transformer
2026-02-26 21:36:17 [restartedMain] INFO  com.zaxxer.hikari.HikariDataSource - HikariPool-10 - Starting...
2026-02-26 21:36:17 [restartedMain] INFO  com.zaxxer.hikari.pool.HikariPool - HikariPool-10 - Added connection org.postgresql.jdbc.PgConnection@22835e8a
2026-02-26 21:36:17 [restartedMain] INFO  com.zaxxer.hikari.HikariDataSource - HikariPool-10 - Start completed.
2026-02-26 21:36:17 [restartedMain] WARN  org.hibernate.orm.deprecation - HHH90000025: PostgreSQLDialect does not need to be specified explicitly using 'hibernate.dialect' (remove the property setting and it will be selected by default)
2026-02-26 21:36:17 [restartedMain] INFO  o.hibernate.orm.connections.pooling - HHH10001005: Database info:
	Database JDBC URL [jdbc:postgresql://10.0.1.9:5438/omniflow]
	Database driver: PostgreSQL JDBC Driver
	Database dialect: PostgreSQLDialect
	Database version: 16.2
	Default catalog/schema: omniflow/public
	Autocommit mode: undefined/unknown
	Isolation level: READ_COMMITTED [default READ_COMMITTED]
	JDBC fetch size: none
	Pool: DataSourceConnectionProvider
	Minimum pool size: undefined/unknown
	Maximum pool size: undefined/unknown
2026-02-26 21:36:18 [restartedMain] WARN  org.hibernate.orm.core - HHH000038: Composite id class does not override equals(): br.com.pc.omniflow.domain.model.EstoqueSaldoId
2026-02-26 21:36:18 [restartedMain] INFO  org.hibernate.orm.core - HHH000489: No JTA platform available (set 'hibernate.transaction.jta.platform' to enable JTA platform integration)
2026-02-26 21:36:19 [restartedMain] INFO  o.s.o.j.LocalContainerEntityManagerFactoryBean - Initialized JPA EntityManagerFactory for persistence unit 'default'
2026-02-26 21:36:19 [restartedMain] WARN  o.s.b.j.a.JpaBaseConfiguration$JpaWebConfiguration - spring.jpa.open-in-view is enabled by default. Therefore, database queries may be performed during view rendering. Explicitly configure spring.jpa.open-in-view to disable this warning
2026-02-26 21:36:19 [restartedMain] INFO  o.s.boot.tomcat.TomcatWebServer - Tomcat started on port 8080 (http) with context path '/'
2026-02-26 21:36:19 [restartedMain] INFO  b.c.pc.omniflow.OmniflowApplication - Started OmniflowApplication in 2.343 seconds (process running for 1723.028)
2026-02-26 21:36:19 [restartedMain] INFO  o.s.b.d.a.ConditionEvaluationDeltaLoggingListener - Condition evaluation unchanged
2026-02-26 21:37:20 [File Watcher] INFO  o.s.b.d.a.LocalDevToolsAutoConfiguration$RestartingClassPathChangeChangedEventListener - Restarting due to 1 class path change (0 additions, 1 deletion, 0 modifications)
2026-02-26 21:37:20 [Thread-33] INFO  o.s.boot.tomcat.GracefulShutdown - Commencing graceful shutdown. Waiting for active requests to complete
2026-02-26 21:37:20 [tomcat-shutdown] INFO  o.s.boot.tomcat.GracefulShutdown - Graceful shutdown complete
2026-02-26 21:37:20 [Thread-33] INFO  o.s.o.j.LocalContainerEntityManagerFactoryBean - Closing JPA EntityManagerFactory for persistence unit 'default'
2026-02-26 21:37:20 [Thread-33] INFO  com.zaxxer.hikari.HikariDataSource - HikariPool-10 - Shutdown initiated...
2026-02-26 21:37:20 [Thread-33] INFO  com.zaxxer.hikari.HikariDataSource - HikariPool-10 - Shutdown completed.
2026-02-26 21:37:20 [restartedMain] INFO  b.c.pc.omniflow.OmniflowApplication - Starting OmniflowApplication using Java 17.0.15 with PID 1388877 (/home/paulo/Documentos/projetos/omniflow/target/classes started by paulo in /home/paulo/Documentos/projetos/omniflow)
2026-02-26 21:37:20 [restartedMain] DEBUG b.c.pc.omniflow.OmniflowApplication - Running with Spring Boot v4.0.3, Spring v7.0.5
2026-02-26 21:37:20 [restartedMain] INFO  b.c.pc.omniflow.OmniflowApplication - The following 1 profile is active: "dev"
2026-02-26 21:37:20 [restartedMain] INFO  o.s.d.r.c.RepositoryConfigurationDelegate - Bootstrapping Spring Data JPA repositories in DEFAULT mode.
2026-02-26 21:37:21 [restartedMain] INFO  o.s.d.r.c.RepositoryConfigurationDelegate - Finished Spring Data repository scanning in 41 ms. Found 14 JPA repository interfaces.
2026-02-26 21:37:21 [restartedMain] INFO  o.s.boot.tomcat.TomcatWebServer - Tomcat initialized with port 8080 (http)
2026-02-26 21:37:21 [restartedMain] INFO  o.a.catalina.core.StandardService - Starting service [Tomcat]
2026-02-26 21:37:21 [restartedMain] INFO  o.a.catalina.core.StandardEngine - Starting Servlet engine: [Apache Tomcat/11.0.18]
2026-02-26 21:37:21 [restartedMain] INFO  o.s.b.w.c.s.WebApplicationContextInitializer - Root WebApplicationContext: initialization completed in 361 ms
2026-02-26 21:37:21 [restartedMain] INFO  org.hibernate.orm.jpa - HHH008540: Processing PersistenceUnitInfo [name: default]
2026-02-26 21:37:21 [restartedMain] INFO  o.s.o.j.p.SpringPersistenceUnitInfo - No LoadTimeWeaver setup: ignoring JPA class transformer
2026-02-26 21:37:21 [restartedMain] INFO  com.zaxxer.hikari.HikariDataSource - HikariPool-11 - Starting...
2026-02-26 21:37:21 [restartedMain] INFO  com.zaxxer.hikari.pool.HikariPool - HikariPool-11 - Added connection org.postgresql.jdbc.PgConnection@6199539c
2026-02-26 21:37:21 [restartedMain] INFO  com.zaxxer.hikari.HikariDataSource - HikariPool-11 - Start completed.
2026-02-26 21:37:21 [restartedMain] WARN  org.hibernate.orm.deprecation - HHH90000025: PostgreSQLDialect does not need to be specified explicitly using 'hibernate.dialect' (remove the property setting and it will be selected by default)
2026-02-26 21:37:21 [restartedMain] INFO  o.hibernate.orm.connections.pooling - HHH10001005: Database info:
	Database JDBC URL [jdbc:postgresql://10.0.1.9:5438/omniflow]
	Database driver: PostgreSQL JDBC Driver
	Database dialect: PostgreSQLDialect
	Database version: 16.2
	Default catalog/schema: omniflow/public
	Autocommit mode: undefined/unknown
	Isolation level: READ_COMMITTED [default READ_COMMITTED]
	JDBC fetch size: none
	Pool: DataSourceConnectionProvider
	Minimum pool size: undefined/unknown
	Maximum pool size: undefined/unknown
2026-02-26 21:37:21 [restartedMain] WARN  org.hibernate.orm.core - HHH000038: Composite id class does not override equals(): br.com.pc.omniflow.domain.model.EstoqueSaldoId
2026-02-26 21:37:21 [restartedMain] INFO  org.hibernate.orm.core - HHH000489: No JTA platform available (set 'hibernate.transaction.jta.platform' to enable JTA platform integration)
2026-02-26 21:37:22 [restartedMain] INFO  o.s.o.j.LocalContainerEntityManagerFactoryBean - Initialized JPA EntityManagerFactory for persistence unit 'default'
2026-02-26 21:37:23 [restartedMain] WARN  o.s.b.j.a.JpaBaseConfiguration$JpaWebConfiguration - spring.jpa.open-in-view is enabled by default. Therefore, database queries may be performed during view rendering. Explicitly configure spring.jpa.open-in-view to disable this warning
2026-02-26 21:37:23 [restartedMain] INFO  o.s.boot.tomcat.TomcatWebServer - Tomcat started on port 8080 (http) with context path '/'
2026-02-26 21:37:23 [restartedMain] INFO  b.c.pc.omniflow.OmniflowApplication - Started OmniflowApplication in 2.559 seconds (process running for 1786.731)
2026-02-26 21:37:23 [restartedMain] INFO  o.s.b.d.a.ConditionEvaluationDeltaLoggingListener - Condition evaluation unchanged
2026-02-26 21:38:20 [File Watcher] INFO  o.s.b.d.a.LocalDevToolsAutoConfiguration$RestartingClassPathChangeChangedEventListener - Restarting due to 1 class path change (0 additions, 1 deletion, 0 modifications)
2026-02-26 21:38:20 [Thread-40] INFO  o.s.boot.tomcat.GracefulShutdown - Commencing graceful shutdown. Waiting for active requests to complete
2026-02-26 21:38:20 [tomcat-shutdown] INFO  o.s.boot.tomcat.GracefulShutdown - Graceful shutdown complete
2026-02-26 21:38:20 [Thread-40] INFO  o.s.o.j.LocalContainerEntityManagerFactoryBean - Closing JPA EntityManagerFactory for persistence unit 'default'
2026-02-26 21:38:21 [Thread-40] INFO  com.zaxxer.hikari.HikariDataSource - HikariPool-11 - Shutdown initiated...
2026-02-26 21:38:21 [Thread-40] INFO  com.zaxxer.hikari.HikariDataSource - HikariPool-11 - Shutdown completed.
2026-02-26 21:38:21 [restartedMain] INFO  b.c.pc.omniflow.OmniflowApplication - Starting OmniflowApplication using Java 17.0.15 with PID 1388877 (/home/paulo/Documentos/projetos/omniflow/target/classes started by paulo in /home/paulo/Documentos/projetos/omniflow)
2026-02-26 21:38:21 [restartedMain] DEBUG b.c.pc.omniflow.OmniflowApplication - Running with Spring Boot v4.0.3, Spring v7.0.5
2026-02-26 21:38:21 [restartedMain] INFO  b.c.pc.omniflow.OmniflowApplication - The following 1 profile is active: "dev"
2026-02-26 21:38:21 [restartedMain] INFO  o.s.d.r.c.RepositoryConfigurationDelegate - Bootstrapping Spring Data JPA repositories in DEFAULT mode.
2026-02-26 21:38:21 [restartedMain] INFO  o.s.d.r.c.RepositoryConfigurationDelegate - Finished Spring Data repository scanning in 62 ms. Found 14 JPA repository interfaces.
2026-02-26 21:38:22 [restartedMain] INFO  o.s.boot.tomcat.TomcatWebServer - Tomcat initialized with port 8080 (http)
2026-02-26 21:38:22 [restartedMain] INFO  o.a.catalina.core.StandardService - Starting service [Tomcat]
2026-02-26 21:38:22 [restartedMain] INFO  o.a.catalina.core.StandardEngine - Starting Servlet engine: [Apache Tomcat/11.0.18]
2026-02-26 21:38:22 [restartedMain] INFO  o.s.b.w.c.s.WebApplicationContextInitializer - Root WebApplicationContext: initialization completed in 376 ms
2026-02-26 21:38:22 [restartedMain] INFO  org.hibernate.orm.jpa - HHH008540: Processing PersistenceUnitInfo [name: default]
2026-02-26 21:38:22 [restartedMain] INFO  o.s.o.j.p.SpringPersistenceUnitInfo - No LoadTimeWeaver setup: ignoring JPA class transformer
2026-02-26 21:38:22 [restartedMain] INFO  com.zaxxer.hikari.HikariDataSource - HikariPool-12 - Starting...
2026-02-26 21:38:22 [restartedMain] INFO  com.zaxxer.hikari.pool.HikariPool - HikariPool-12 - Added connection org.postgresql.jdbc.PgConnection@26bb8b2b
2026-02-26 21:38:22 [restartedMain] INFO  com.zaxxer.hikari.HikariDataSource - HikariPool-12 - Start completed.
2026-02-26 21:38:22 [restartedMain] WARN  org.hibernate.orm.deprecation - HHH90000025: PostgreSQLDialect does not need to be specified explicitly using 'hibernate.dialect' (remove the property setting and it will be selected by default)
2026-02-26 21:38:22 [restartedMain] INFO  o.hibernate.orm.connections.pooling - HHH10001005: Database info:
	Database JDBC URL [jdbc:postgresql://10.0.1.9:5438/omniflow]
	Database driver: PostgreSQL JDBC Driver
	Database dialect: PostgreSQLDialect
	Database version: 16.2
	Default catalog/schema: omniflow/public
	Autocommit mode: undefined/unknown
	Isolation level: READ_COMMITTED [default READ_COMMITTED]
	JDBC fetch size: none
	Pool: DataSourceConnectionProvider
	Minimum pool size: undefined/unknown
	Maximum pool size: undefined/unknown
2026-02-26 21:38:22 [restartedMain] WARN  org.hibernate.orm.core - HHH000038: Composite id class does not override equals(): br.com.pc.omniflow.domain.model.EstoqueSaldoId
2026-02-26 21:38:22 [restartedMain] INFO  org.hibernate.orm.core - HHH000489: No JTA platform available (set 'hibernate.transaction.jta.platform' to enable JTA platform integration)
2026-02-26 21:38:24 [restartedMain] INFO  o.s.o.j.LocalContainerEntityManagerFactoryBean - Initialized JPA EntityManagerFactory for persistence unit 'default'
2026-02-26 21:38:24 [restartedMain] WARN  o.s.b.j.a.JpaBaseConfiguration$JpaWebConfiguration - spring.jpa.open-in-view is enabled by default. Therefore, database queries may be performed during view rendering. Explicitly configure spring.jpa.open-in-view to disable this warning
2026-02-26 21:38:24 [restartedMain] INFO  o.s.boot.tomcat.TomcatWebServer - Tomcat started on port 8080 (http) with context path '/'
2026-02-26 21:38:24 [restartedMain] INFO  b.c.pc.omniflow.OmniflowApplication - Started OmniflowApplication in 3.349 seconds (process running for 1848.417)
2026-02-26 21:38:25 [restartedMain] INFO  o.s.b.d.a.ConditionEvaluationDeltaLoggingListener - Condition evaluation unchanged
2026-02-26 21:38:54 [File Watcher] INFO  o.s.b.d.a.LocalDevToolsAutoConfiguration$RestartingClassPathChangeChangedEventListener - Restarting due to 1 class path change (0 additions, 1 deletion, 0 modifications)
2026-02-26 21:38:54 [Thread-44] INFO  o.s.boot.tomcat.GracefulShutdown - Commencing graceful shutdown. Waiting for active requests to complete
2026-02-26 21:38:54 [tomcat-shutdown] INFO  o.s.boot.tomcat.GracefulShutdown - Graceful shutdown complete
2026-02-26 21:38:54 [Thread-44] INFO  o.s.o.j.LocalContainerEntityManagerFactoryBean - Closing JPA EntityManagerFactory for persistence unit 'default'
2026-02-26 21:38:54 [Thread-44] INFO  com.zaxxer.hikari.HikariDataSource - HikariPool-12 - Shutdown initiated...
2026-02-26 21:38:54 [Thread-44] INFO  com.zaxxer.hikari.HikariDataSource - HikariPool-12 - Shutdown completed.
2026-02-26 21:38:55 [restartedMain] INFO  b.c.pc.omniflow.OmniflowApplication - Starting OmniflowApplication using Java 17.0.15 with PID 1388877 (/home/paulo/Documentos/projetos/omniflow/target/classes started by paulo in /home/paulo/Documentos/projetos/omniflow)
2026-02-26 21:38:55 [restartedMain] DEBUG b.c.pc.omniflow.OmniflowApplication - Running with Spring Boot v4.0.3, Spring v7.0.5
2026-02-26 21:38:55 [restartedMain] INFO  b.c.pc.omniflow.OmniflowApplication - The following 1 profile is active: "dev"
2026-02-26 21:38:55 [restartedMain] INFO  o.s.d.r.c.RepositoryConfigurationDelegate - Bootstrapping Spring Data JPA repositories in DEFAULT mode.
2026-02-26 21:38:55 [restartedMain] INFO  o.s.d.r.c.RepositoryConfigurationDelegate - Finished Spring Data repository scanning in 39 ms. Found 14 JPA repository interfaces.
2026-02-26 21:38:55 [restartedMain] INFO  o.s.boot.tomcat.TomcatWebServer - Tomcat initialized with port 8080 (http)
2026-02-26 21:38:55 [restartedMain] INFO  o.a.catalina.core.StandardService - Starting service [Tomcat]
2026-02-26 21:38:55 [restartedMain] INFO  o.a.catalina.core.StandardEngine - Starting Servlet engine: [Apache Tomcat/11.0.18]
2026-02-26 21:38:55 [restartedMain] INFO  o.s.b.w.c.s.WebApplicationContextInitializer - Root WebApplicationContext: initialization completed in 580 ms
2026-02-26 21:38:55 [restartedMain] INFO  org.hibernate.orm.jpa - HHH008540: Processing PersistenceUnitInfo [name: default]
2026-02-26 21:38:55 [restartedMain] INFO  o.s.o.j.p.SpringPersistenceUnitInfo - No LoadTimeWeaver setup: ignoring JPA class transformer
2026-02-26 21:38:55 [restartedMain] INFO  com.zaxxer.hikari.HikariDataSource - HikariPool-13 - Starting...
2026-02-26 21:38:56 [restartedMain] INFO  com.zaxxer.hikari.pool.HikariPool - HikariPool-13 - Added connection org.postgresql.jdbc.PgConnection@39525f36
2026-02-26 21:38:56 [restartedMain] INFO  com.zaxxer.hikari.HikariDataSource - HikariPool-13 - Start completed.
2026-02-26 21:38:56 [restartedMain] WARN  org.hibernate.orm.deprecation - HHH90000025: PostgreSQLDialect does not need to be specified explicitly using 'hibernate.dialect' (remove the property setting and it will be selected by default)
2026-02-26 21:38:56 [restartedMain] INFO  o.hibernate.orm.connections.pooling - HHH10001005: Database info:
	Database JDBC URL [jdbc:postgresql://10.0.1.9:5438/omniflow]
	Database driver: PostgreSQL JDBC Driver
	Database dialect: PostgreSQLDialect
	Database version: 16.2
	Default catalog/schema: omniflow/public
	Autocommit mode: undefined/unknown
	Isolation level: READ_COMMITTED [default READ_COMMITTED]
	JDBC fetch size: none
	Pool: DataSourceConnectionProvider
	Minimum pool size: undefined/unknown
	Maximum pool size: undefined/unknown
2026-02-26 21:38:56 [restartedMain] WARN  org.hibernate.orm.core - HHH000038: Composite id class does not override equals(): br.com.pc.omniflow.domain.model.EstoqueSaldoId
2026-02-26 21:38:56 [restartedMain] INFO  org.hibernate.orm.core - HHH000489: No JTA platform available (set 'hibernate.transaction.jta.platform' to enable JTA platform integration)
2026-02-26 21:38:57 [restartedMain] INFO  o.s.o.j.LocalContainerEntityManagerFactoryBean - Initialized JPA EntityManagerFactory for persistence unit 'default'
2026-02-26 21:38:57 [restartedMain] WARN  o.s.b.j.a.JpaBaseConfiguration$JpaWebConfiguration - spring.jpa.open-in-view is enabled by default. Therefore, database queries may be performed during view rendering. Explicitly configure spring.jpa.open-in-view to disable this warning
2026-02-26 21:38:58 [restartedMain] INFO  o.s.boot.tomcat.TomcatWebServer - Tomcat started on port 8080 (http) with context path '/'
2026-02-26 21:38:58 [restartedMain] INFO  b.c.pc.omniflow.OmniflowApplication - Started OmniflowApplication in 2.918 seconds (process running for 1881.481)
2026-02-26 21:38:58 [restartedMain] INFO  o.s.b.d.a.ConditionEvaluationDeltaLoggingListener - Condition evaluation unchanged
2026-02-26 21:40:08 [File Watcher] INFO  o.s.b.d.a.LocalDevToolsAutoConfiguration$RestartingClassPathChangeChangedEventListener - Restarting due to 1 class path change (0 additions, 1 deletion, 0 modifications)
2026-02-26 21:40:08 [Thread-48] INFO  o.s.boot.tomcat.GracefulShutdown - Commencing graceful shutdown. Waiting for active requests to complete
2026-02-26 21:40:08 [tomcat-shutdown] INFO  o.s.boot.tomcat.GracefulShutdown - Graceful shutdown complete
2026-02-26 21:40:08 [Thread-48] INFO  o.s.o.j.LocalContainerEntityManagerFactoryBean - Closing JPA EntityManagerFactory for persistence unit 'default'
2026-02-26 21:40:09 [Thread-48] INFO  com.zaxxer.hikari.HikariDataSource - HikariPool-13 - Shutdown initiated...
2026-02-26 21:40:09 [Thread-48] INFO  com.zaxxer.hikari.HikariDataSource - HikariPool-13 - Shutdown completed.
2026-02-26 21:40:09 [restartedMain] INFO  b.c.pc.omniflow.OmniflowApplication - Starting OmniflowApplication using Java 17.0.15 with PID 1388877 (/home/paulo/Documentos/projetos/omniflow/target/classes started by paulo in /home/paulo/Documentos/projetos/omniflow)
2026-02-26 21:40:09 [restartedMain] DEBUG b.c.pc.omniflow.OmniflowApplication - Running with Spring Boot v4.0.3, Spring v7.0.5
2026-02-26 21:40:09 [restartedMain] INFO  b.c.pc.omniflow.OmniflowApplication - The following 1 profile is active: "dev"
2026-02-26 21:40:09 [restartedMain] INFO  o.s.d.r.c.RepositoryConfigurationDelegate - Bootstrapping Spring Data JPA repositories in DEFAULT mode.
2026-02-26 21:40:09 [restartedMain] INFO  o.s.d.r.c.RepositoryConfigurationDelegate - Finished Spring Data repository scanning in 33 ms. Found 14 JPA repository interfaces.
2026-02-26 21:40:09 [restartedMain] INFO  o.s.boot.tomcat.TomcatWebServer - Tomcat initialized with port 8080 (http)
2026-02-26 21:40:09 [restartedMain] INFO  o.a.catalina.core.StandardService - Starting service [Tomcat]
2026-02-26 21:40:09 [restartedMain] INFO  o.a.catalina.core.StandardEngine - Starting Servlet engine: [Apache Tomcat/11.0.18]
2026-02-26 21:40:09 [restartedMain] INFO  o.s.b.w.c.s.WebApplicationContextInitializer - Root WebApplicationContext: initialization completed in 337 ms
2026-02-26 21:40:09 [restartedMain] INFO  org.hibernate.orm.jpa - HHH008540: Processing PersistenceUnitInfo [name: default]
2026-02-26 21:40:09 [restartedMain] INFO  o.s.o.j.p.SpringPersistenceUnitInfo - No LoadTimeWeaver setup: ignoring JPA class transformer
2026-02-26 21:40:09 [restartedMain] INFO  com.zaxxer.hikari.HikariDataSource - HikariPool-14 - Starting...
2026-02-26 21:40:09 [restartedMain] INFO  com.zaxxer.hikari.pool.HikariPool - HikariPool-14 - Added connection org.postgresql.jdbc.PgConnection@6f5b99aa
2026-02-26 21:40:09 [restartedMain] INFO  com.zaxxer.hikari.HikariDataSource - HikariPool-14 - Start completed.
2026-02-26 21:40:09 [restartedMain] WARN  org.hibernate.orm.deprecation - HHH90000025: PostgreSQLDialect does not need to be specified explicitly using 'hibernate.dialect' (remove the property setting and it will be selected by default)
2026-02-26 21:40:09 [restartedMain] INFO  o.hibernate.orm.connections.pooling - HHH10001005: Database info:
	Database JDBC URL [jdbc:postgresql://10.0.1.9:5438/omniflow]
	Database driver: PostgreSQL JDBC Driver
	Database dialect: PostgreSQLDialect
	Database version: 16.2
	Default catalog/schema: omniflow/public
	Autocommit mode: undefined/unknown
	Isolation level: READ_COMMITTED [default READ_COMMITTED]
	JDBC fetch size: none
	Pool: DataSourceConnectionProvider
	Minimum pool size: undefined/unknown
	Maximum pool size: undefined/unknown
2026-02-26 21:40:09 [restartedMain] WARN  org.hibernate.orm.core - HHH000038: Composite id class does not override equals(): br.com.pc.omniflow.domain.model.EstoqueSaldoId
2026-02-26 21:40:10 [restartedMain] INFO  org.hibernate.orm.core - HHH000489: No JTA platform available (set 'hibernate.transaction.jta.platform' to enable JTA platform integration)
2026-02-26 21:40:11 [restartedMain] INFO  o.s.o.j.LocalContainerEntityManagerFactoryBean - Initialized JPA EntityManagerFactory for persistence unit 'default'
2026-02-26 21:40:11 [restartedMain] WARN  o.s.b.j.a.JpaBaseConfiguration$JpaWebConfiguration - spring.jpa.open-in-view is enabled by default. Therefore, database queries may be performed during view rendering. Explicitly configure spring.jpa.open-in-view to disable this warning
2026-02-26 21:40:11 [restartedMain] INFO  o.s.boot.tomcat.TomcatWebServer - Tomcat started on port 8080 (http) with context path '/'
2026-02-26 21:40:11 [restartedMain] INFO  b.c.pc.omniflow.OmniflowApplication - Started OmniflowApplication in 2.229 seconds (process running for 1954.849)
2026-02-26 21:40:11 [restartedMain] INFO  o.s.b.d.a.ConditionEvaluationDeltaLoggingListener - Condition evaluation unchanged
2026-02-26 21:41:16 [File Watcher] INFO  o.s.b.d.a.LocalDevToolsAutoConfiguration$RestartingClassPathChangeChangedEventListener - Restarting due to 1 class path change (0 additions, 1 deletion, 0 modifications)
2026-02-26 21:41:16 [Thread-52] INFO  o.s.boot.tomcat.GracefulShutdown - Commencing graceful shutdown. Waiting for active requests to complete
2026-02-26 21:41:17 [tomcat-shutdown] INFO  o.s.boot.tomcat.GracefulShutdown - Graceful shutdown complete
2026-02-26 21:41:17 [Thread-52] INFO  o.s.o.j.LocalContainerEntityManagerFactoryBean - Closing JPA EntityManagerFactory for persistence unit 'default'
2026-02-26 21:41:17 [Thread-52] INFO  com.zaxxer.hikari.HikariDataSource - HikariPool-14 - Shutdown initiated...
2026-02-26 21:41:17 [Thread-52] INFO  com.zaxxer.hikari.HikariDataSource - HikariPool-14 - Shutdown completed.
2026-02-26 21:41:17 [restartedMain] INFO  b.c.pc.omniflow.OmniflowApplication - Starting OmniflowApplication using Java 17.0.15 with PID 1388877 (/home/paulo/Documentos/projetos/omniflow/target/classes started by paulo in /home/paulo/Documentos/projetos/omniflow)
2026-02-26 21:41:17 [restartedMain] DEBUG b.c.pc.omniflow.OmniflowApplication - Running with Spring Boot v4.0.3, Spring v7.0.5
2026-02-26 21:41:17 [restartedMain] INFO  b.c.pc.omniflow.OmniflowApplication - The following 1 profile is active: "dev"
2026-02-26 21:41:17 [restartedMain] INFO  o.s.d.r.c.RepositoryConfigurationDelegate - Bootstrapping Spring Data JPA repositories in DEFAULT mode.
2026-02-26 21:41:17 [restartedMain] INFO  o.s.d.r.c.RepositoryConfigurationDelegate - Finished Spring Data repository scanning in 41 ms. Found 14 JPA repository interfaces.
2026-02-26 21:41:18 [restartedMain] INFO  o.s.boot.tomcat.TomcatWebServer - Tomcat initialized with port 8080 (http)
2026-02-26 21:41:18 [restartedMain] INFO  o.a.catalina.core.StandardService - Starting service [Tomcat]
2026-02-26 21:41:18 [restartedMain] INFO  o.a.catalina.core.StandardEngine - Starting Servlet engine: [Apache Tomcat/11.0.18]
2026-02-26 21:41:18 [restartedMain] INFO  o.s.b.w.c.s.WebApplicationContextInitializer - Root WebApplicationContext: initialization completed in 396 ms
2026-02-26 21:41:18 [restartedMain] INFO  org.hibernate.orm.jpa - HHH008540: Processing PersistenceUnitInfo [name: default]
2026-02-26 21:41:18 [restartedMain] INFO  o.s.o.j.p.SpringPersistenceUnitInfo - No LoadTimeWeaver setup: ignoring JPA class transformer
2026-02-26 21:41:18 [restartedMain] INFO  com.zaxxer.hikari.HikariDataSource - HikariPool-15 - Starting...
2026-02-26 21:41:18 [restartedMain] INFO  com.zaxxer.hikari.pool.HikariPool - HikariPool-15 - Added connection org.postgresql.jdbc.PgConnection@1918952d
2026-02-26 21:41:18 [restartedMain] INFO  com.zaxxer.hikari.HikariDataSource - HikariPool-15 - Start completed.
2026-02-26 21:41:18 [restartedMain] WARN  org.hibernate.orm.deprecation - HHH90000025: PostgreSQLDialect does not need to be specified explicitly using 'hibernate.dialect' (remove the property setting and it will be selected by default)
2026-02-26 21:41:18 [restartedMain] INFO  o.hibernate.orm.connections.pooling - HHH10001005: Database info:
	Database JDBC URL [jdbc:postgresql://10.0.1.9:5438/omniflow]
	Database driver: PostgreSQL JDBC Driver
	Database dialect: PostgreSQLDialect
	Database version: 16.2
	Default catalog/schema: omniflow/public
	Autocommit mode: undefined/unknown
	Isolation level: READ_COMMITTED [default READ_COMMITTED]
	JDBC fetch size: none
	Pool: DataSourceConnectionProvider
	Minimum pool size: undefined/unknown
	Maximum pool size: undefined/unknown
2026-02-26 21:41:18 [restartedMain] WARN  org.hibernate.orm.core - HHH000038: Composite id class does not override equals(): br.com.pc.omniflow.domain.model.EstoqueSaldoId
2026-02-26 21:41:18 [restartedMain] INFO  org.hibernate.orm.core - HHH000489: No JTA platform available (set 'hibernate.transaction.jta.platform' to enable JTA platform integration)
2026-02-26 21:41:19 [restartedMain] INFO  o.s.o.j.LocalContainerEntityManagerFactoryBean - Initialized JPA EntityManagerFactory for persistence unit 'default'
2026-02-26 21:41:19 [restartedMain] WARN  o.s.b.j.a.JpaBaseConfiguration$JpaWebConfiguration - spring.jpa.open-in-view is enabled by default. Therefore, database queries may be performed during view rendering. Explicitly configure spring.jpa.open-in-view to disable this warning
2026-02-26 21:41:20 [restartedMain] INFO  o.s.boot.tomcat.TomcatWebServer - Tomcat started on port 8080 (http) with context path '/'
2026-02-26 21:41:20 [restartedMain] INFO  b.c.pc.omniflow.OmniflowApplication - Started OmniflowApplication in 2.478 seconds (process running for 2023.557)
2026-02-26 21:41:20 [restartedMain] INFO  o.s.b.d.a.ConditionEvaluationDeltaLoggingListener - Condition evaluation unchanged
2026-02-26 21:42:08 [File Watcher] INFO  o.s.b.d.a.LocalDevToolsAutoConfiguration$RestartingClassPathChangeChangedEventListener - Restarting due to 1 class path change (0 additions, 1 deletion, 0 modifications)
2026-02-26 21:42:08 [Thread-56] INFO  o.s.boot.tomcat.GracefulShutdown - Commencing graceful shutdown. Waiting for active requests to complete
2026-02-26 21:42:08 [tomcat-shutdown] INFO  o.s.boot.tomcat.GracefulShutdown - Graceful shutdown complete
2026-02-26 21:42:08 [Thread-56] INFO  o.s.o.j.LocalContainerEntityManagerFactoryBean - Closing JPA EntityManagerFactory for persistence unit 'default'
2026-02-26 21:42:09 [Thread-56] INFO  com.zaxxer.hikari.HikariDataSource - HikariPool-15 - Shutdown initiated...
2026-02-26 21:42:09 [Thread-56] INFO  com.zaxxer.hikari.HikariDataSource - HikariPool-15 - Shutdown completed.
2026-02-26 21:42:09 [restartedMain] INFO  b.c.pc.omniflow.OmniflowApplication - Starting OmniflowApplication using Java 17.0.15 with PID 1388877 (/home/paulo/Documentos/projetos/omniflow/target/classes started by paulo in /home/paulo/Documentos/projetos/omniflow)
2026-02-26 21:42:09 [restartedMain] DEBUG b.c.pc.omniflow.OmniflowApplication - Running with Spring Boot v4.0.3, Spring v7.0.5
2026-02-26 21:42:09 [restartedMain] INFO  b.c.pc.omniflow.OmniflowApplication - The following 1 profile is active: "dev"
2026-02-26 21:42:09 [restartedMain] INFO  o.s.d.r.c.RepositoryConfigurationDelegate - Bootstrapping Spring Data JPA repositories in DEFAULT mode.
2026-02-26 21:42:09 [restartedMain] INFO  o.s.d.r.c.RepositoryConfigurationDelegate - Finished Spring Data repository scanning in 36 ms. Found 14 JPA repository interfaces.
2026-02-26 21:42:09 [restartedMain] INFO  o.s.boot.tomcat.TomcatWebServer - Tomcat initialized with port 8080 (http)
2026-02-26 21:42:09 [restartedMain] INFO  o.a.catalina.core.StandardService - Starting service [Tomcat]
2026-02-26 21:42:09 [restartedMain] INFO  o.a.catalina.core.StandardEngine - Starting Servlet engine: [Apache Tomcat/11.0.18]
2026-02-26 21:42:09 [restartedMain] INFO  o.s.b.w.c.s.WebApplicationContextInitializer - Root WebApplicationContext: initialization completed in 385 ms
2026-02-26 21:42:09 [restartedMain] INFO  org.hibernate.orm.jpa - HHH008540: Processing PersistenceUnitInfo [name: default]
2026-02-26 21:42:09 [restartedMain] INFO  o.s.o.j.p.SpringPersistenceUnitInfo - No LoadTimeWeaver setup: ignoring JPA class transformer
2026-02-26 21:42:09 [restartedMain] INFO  com.zaxxer.hikari.HikariDataSource - HikariPool-16 - Starting...
2026-02-26 21:42:09 [restartedMain] INFO  com.zaxxer.hikari.pool.HikariPool - HikariPool-16 - Added connection org.postgresql.jdbc.PgConnection@773487a8
2026-02-26 21:42:09 [restartedMain] INFO  com.zaxxer.hikari.HikariDataSource - HikariPool-16 - Start completed.
2026-02-26 21:42:10 [restartedMain] WARN  org.hibernate.orm.deprecation - HHH90000025: PostgreSQLDialect does not need to be specified explicitly using 'hibernate.dialect' (remove the property setting and it will be selected by default)
2026-02-26 21:42:10 [restartedMain] INFO  o.hibernate.orm.connections.pooling - HHH10001005: Database info:
	Database JDBC URL [jdbc:postgresql://10.0.1.9:5438/omniflow]
	Database driver: PostgreSQL JDBC Driver
	Database dialect: PostgreSQLDialect
	Database version: 16.2
	Default catalog/schema: omniflow/public
	Autocommit mode: undefined/unknown
	Isolation level: READ_COMMITTED [default READ_COMMITTED]
	JDBC fetch size: none
	Pool: DataSourceConnectionProvider
	Minimum pool size: undefined/unknown
	Maximum pool size: undefined/unknown
2026-02-26 21:42:10 [restartedMain] WARN  org.hibernate.orm.core - HHH000038: Composite id class does not override equals(): br.com.pc.omniflow.domain.model.EstoqueSaldoId
2026-02-26 21:42:10 [restartedMain] INFO  org.hibernate.orm.core - HHH000489: No JTA platform available (set 'hibernate.transaction.jta.platform' to enable JTA platform integration)
2026-02-26 21:42:12 [restartedMain] INFO  o.s.o.j.LocalContainerEntityManagerFactoryBean - Initialized JPA EntityManagerFactory for persistence unit 'default'
2026-02-26 21:42:12 [restartedMain] WARN  o.s.b.j.a.JpaBaseConfiguration$JpaWebConfiguration - spring.jpa.open-in-view is enabled by default. Therefore, database queries may be performed during view rendering. Explicitly configure spring.jpa.open-in-view to disable this warning
2026-02-26 21:42:12 [restartedMain] INFO  o.s.boot.tomcat.TomcatWebServer - Tomcat started on port 8080 (http) with context path '/'
2026-02-26 21:42:12 [restartedMain] INFO  b.c.pc.omniflow.OmniflowApplication - Started OmniflowApplication in 3.723 seconds (process running for 2076.437)
2026-02-26 21:42:13 [restartedMain] INFO  o.s.b.d.a.ConditionEvaluationDeltaLoggingListener - Condition evaluation unchanged
2026-02-26 21:42:34 [File Watcher] INFO  o.s.b.d.a.LocalDevToolsAutoConfiguration$RestartingClassPathChangeChangedEventListener - Restarting due to 1 class path change (1 addition, 0 deletions, 0 modifications)
2026-02-26 21:42:34 [Thread-60] INFO  o.s.boot.tomcat.GracefulShutdown - Commencing graceful shutdown. Waiting for active requests to complete
2026-02-26 21:42:34 [tomcat-shutdown] INFO  o.s.boot.tomcat.GracefulShutdown - Graceful shutdown complete
2026-02-26 21:42:34 [Thread-60] INFO  o.s.o.j.LocalContainerEntityManagerFactoryBean - Closing JPA EntityManagerFactory for persistence unit 'default'
2026-02-26 21:42:34 [Thread-60] INFO  com.zaxxer.hikari.HikariDataSource - HikariPool-16 - Shutdown initiated...
2026-02-26 21:42:34 [Thread-60] INFO  com.zaxxer.hikari.HikariDataSource - HikariPool-16 - Shutdown completed.
2026-02-26 21:42:35 [restartedMain] INFO  b.c.pc.omniflow.OmniflowApplication - Starting OmniflowApplication using Java 17.0.15 with PID 1388877 (/home/paulo/Documentos/projetos/omniflow/target/classes started by paulo in /home/paulo/Documentos/projetos/omniflow)
2026-02-26 21:42:35 [restartedMain] DEBUG b.c.pc.omniflow.OmniflowApplication - Running with Spring Boot v4.0.3, Spring v7.0.5
2026-02-26 21:42:35 [restartedMain] INFO  b.c.pc.omniflow.OmniflowApplication - The following 1 profile is active: "dev"
2026-02-26 21:42:35 [restartedMain] INFO  o.s.d.r.c.RepositoryConfigurationDelegate - Bootstrapping Spring Data JPA repositories in DEFAULT mode.
2026-02-26 21:42:35 [restartedMain] INFO  o.s.d.r.c.RepositoryConfigurationDelegate - Finished Spring Data repository scanning in 76 ms. Found 14 JPA repository interfaces.
2026-02-26 21:42:35 [restartedMain] INFO  o.s.boot.tomcat.TomcatWebServer - Tomcat initialized with port 8080 (http)
2026-02-26 21:42:35 [restartedMain] INFO  o.a.catalina.core.StandardService - Starting service [Tomcat]
2026-02-26 21:42:35 [restartedMain] INFO  o.a.catalina.core.StandardEngine - Starting Servlet engine: [Apache Tomcat/11.0.18]
2026-02-26 21:42:35 [restartedMain] INFO  o.s.b.w.c.s.WebApplicationContextInitializer - Root WebApplicationContext: initialization completed in 655 ms
2026-02-26 21:42:35 [restartedMain] INFO  org.hibernate.orm.jpa - HHH008540: Processing PersistenceUnitInfo [name: default]
2026-02-26 21:42:35 [restartedMain] INFO  o.s.o.j.p.SpringPersistenceUnitInfo - No LoadTimeWeaver setup: ignoring JPA class transformer
2026-02-26 21:42:35 [restartedMain] INFO  com.zaxxer.hikari.HikariDataSource - HikariPool-17 - Starting...
2026-02-26 21:42:36 [restartedMain] INFO  com.zaxxer.hikari.pool.HikariPool - HikariPool-17 - Added connection org.postgresql.jdbc.PgConnection@5641861e
2026-02-26 21:42:36 [restartedMain] INFO  com.zaxxer.hikari.HikariDataSource - HikariPool-17 - Start completed.
2026-02-26 21:42:36 [restartedMain] WARN  org.hibernate.orm.deprecation - HHH90000025: PostgreSQLDialect does not need to be specified explicitly using 'hibernate.dialect' (remove the property setting and it will be selected by default)
2026-02-26 21:42:36 [restartedMain] INFO  o.hibernate.orm.connections.pooling - HHH10001005: Database info:
	Database JDBC URL [jdbc:postgresql://10.0.1.9:5438/omniflow]
	Database driver: PostgreSQL JDBC Driver
	Database dialect: PostgreSQLDialect
	Database version: 16.2
	Default catalog/schema: omniflow/public
	Autocommit mode: undefined/unknown
	Isolation level: READ_COMMITTED [default READ_COMMITTED]
	JDBC fetch size: none
	Pool: DataSourceConnectionProvider
	Minimum pool size: undefined/unknown
	Maximum pool size: undefined/unknown
2026-02-26 21:42:36 [restartedMain] WARN  org.hibernate.orm.core - HHH000038: Composite id class does not override equals(): br.com.pc.omniflow.domain.model.EstoqueSaldoId
2026-02-26 21:42:36 [restartedMain] INFO  org.hibernate.orm.core - HHH000489: No JTA platform available (set 'hibernate.transaction.jta.platform' to enable JTA platform integration)
2026-02-26 21:42:37 [restartedMain] INFO  o.s.o.j.LocalContainerEntityManagerFactoryBean - Initialized JPA EntityManagerFactory for persistence unit 'default'
2026-02-26 21:42:37 [restartedMain] WARN  o.s.b.j.a.JpaBaseConfiguration$JpaWebConfiguration - spring.jpa.open-in-view is enabled by default. Therefore, database queries may be performed during view rendering. Explicitly configure spring.jpa.open-in-view to disable this warning
2026-02-26 21:42:38 [restartedMain] INFO  o.s.boot.tomcat.TomcatWebServer - Tomcat started on port 8080 (http) with context path '/'
2026-02-26 21:42:38 [restartedMain] INFO  b.c.pc.omniflow.OmniflowApplication - Started OmniflowApplication in 3.053 seconds (process running for 2101.563)
2026-02-26 21:42:38 [restartedMain] INFO  o.s.b.d.a.ConditionEvaluationDeltaLoggingListener - Condition evaluation unchanged
2026-02-26 21:42:47 [File Watcher] INFO  o.s.b.d.a.LocalDevToolsAutoConfiguration$RestartingClassPathChangeChangedEventListener - Restarting due to 1 class path change (0 additions, 1 deletion, 0 modifications)
2026-02-26 21:42:47 [Thread-64] INFO  o.s.boot.tomcat.GracefulShutdown - Commencing graceful shutdown. Waiting for active requests to complete
2026-02-26 21:42:47 [tomcat-shutdown] INFO  o.s.boot.tomcat.GracefulShutdown - Graceful shutdown complete
2026-02-26 21:42:47 [Thread-64] INFO  o.s.o.j.LocalContainerEntityManagerFactoryBean - Closing JPA EntityManagerFactory for persistence unit 'default'
2026-02-26 21:42:47 [Thread-64] INFO  com.zaxxer.hikari.HikariDataSource - HikariPool-17 - Shutdown initiated...
2026-02-26 21:42:47 [Thread-64] INFO  com.zaxxer.hikari.HikariDataSource - HikariPool-17 - Shutdown completed.
2026-02-26 21:42:48 [restartedMain] INFO  b.c.pc.omniflow.OmniflowApplication - Starting OmniflowApplication using Java 17.0.15 with PID 1388877 (/home/paulo/Documentos/projetos/omniflow/target/classes started by paulo in /home/paulo/Documentos/projetos/omniflow)
2026-02-26 21:42:48 [restartedMain] DEBUG b.c.pc.omniflow.OmniflowApplication - Running with Spring Boot v4.0.3, Spring v7.0.5
2026-02-26 21:42:48 [restartedMain] INFO  b.c.pc.omniflow.OmniflowApplication - The following 1 profile is active: "dev"
2026-02-26 21:42:48 [restartedMain] INFO  o.s.d.r.c.RepositoryConfigurationDelegate - Bootstrapping Spring Data JPA repositories in DEFAULT mode.
2026-02-26 21:42:48 [restartedMain] INFO  o.s.d.r.c.RepositoryConfigurationDelegate - Finished Spring Data repository scanning in 27 ms. Found 14 JPA repository interfaces.
2026-02-26 21:42:48 [restartedMain] INFO  o.s.boot.tomcat.TomcatWebServer - Tomcat initialized with port 8080 (http)
2026-02-26 21:42:48 [restartedMain] INFO  o.a.catalina.core.StandardService - Starting service [Tomcat]
2026-02-26 21:42:48 [restartedMain] INFO  o.a.catalina.core.StandardEngine - Starting Servlet engine: [Apache Tomcat/11.0.18]
2026-02-26 21:42:48 [restartedMain] INFO  o.s.b.w.c.s.WebApplicationContextInitializer - Root WebApplicationContext: initialization completed in 263 ms
2026-02-26 21:42:48 [restartedMain] INFO  org.hibernate.orm.jpa - HHH008540: Processing PersistenceUnitInfo [name: default]
2026-02-26 21:42:48 [restartedMain] INFO  o.s.o.j.p.SpringPersistenceUnitInfo - No LoadTimeWeaver setup: ignoring JPA class transformer
2026-02-26 21:42:48 [restartedMain] INFO  com.zaxxer.hikari.HikariDataSource - HikariPool-18 - Starting...
2026-02-26 21:42:48 [restartedMain] INFO  com.zaxxer.hikari.pool.HikariPool - HikariPool-18 - Added connection org.postgresql.jdbc.PgConnection@15bb74a3
2026-02-26 21:42:48 [restartedMain] INFO  com.zaxxer.hikari.HikariDataSource - HikariPool-18 - Start completed.
2026-02-26 21:42:48 [restartedMain] WARN  org.hibernate.orm.deprecation - HHH90000025: PostgreSQLDialect does not need to be specified explicitly using 'hibernate.dialect' (remove the property setting and it will be selected by default)
2026-02-26 21:42:48 [restartedMain] INFO  o.hibernate.orm.connections.pooling - HHH10001005: Database info:
	Database JDBC URL [jdbc:postgresql://10.0.1.9:5438/omniflow]
	Database driver: PostgreSQL JDBC Driver
	Database dialect: PostgreSQLDialect
	Database version: 16.2
	Default catalog/schema: omniflow/public
	Autocommit mode: undefined/unknown
	Isolation level: READ_COMMITTED [default READ_COMMITTED]
	JDBC fetch size: none
	Pool: DataSourceConnectionProvider
	Minimum pool size: undefined/unknown
	Maximum pool size: undefined/unknown
2026-02-26 21:42:48 [restartedMain] WARN  org.hibernate.orm.core - HHH000038: Composite id class does not override equals(): br.com.pc.omniflow.domain.model.EstoqueSaldoId
2026-02-26 21:42:48 [restartedMain] INFO  org.hibernate.orm.core - HHH000489: No JTA platform available (set 'hibernate.transaction.jta.platform' to enable JTA platform integration)
2026-02-26 21:42:50 [restartedMain] INFO  o.s.o.j.LocalContainerEntityManagerFactoryBean - Initialized JPA EntityManagerFactory for persistence unit 'default'
2026-02-26 21:42:50 [restartedMain] WARN  o.s.b.j.a.JpaBaseConfiguration$JpaWebConfiguration - spring.jpa.open-in-view is enabled by default. Therefore, database queries may be performed during view rendering. Explicitly configure spring.jpa.open-in-view to disable this warning
2026-02-26 21:42:50 [restartedMain] INFO  o.s.boot.tomcat.TomcatWebServer - Tomcat started on port 8080 (http) with context path '/'
2026-02-26 21:42:50 [restartedMain] INFO  b.c.pc.omniflow.OmniflowApplication - Started OmniflowApplication in 2.225 seconds (process running for 2113.754)
2026-02-26 21:42:50 [restartedMain] INFO  o.s.b.d.a.ConditionEvaluationDeltaLoggingListener - Condition evaluation unchanged
2026-02-26 21:43:45 [File Watcher] INFO  o.s.b.d.a.LocalDevToolsAutoConfiguration$RestartingClassPathChangeChangedEventListener - Restarting due to 1 class path change (0 additions, 1 deletion, 0 modifications)
2026-02-26 21:43:45 [Thread-68] INFO  o.s.boot.tomcat.GracefulShutdown - Commencing graceful shutdown. Waiting for active requests to complete
2026-02-26 21:43:45 [tomcat-shutdown] INFO  o.s.boot.tomcat.GracefulShutdown - Graceful shutdown complete
2026-02-26 21:43:45 [Thread-68] INFO  o.s.o.j.LocalContainerEntityManagerFactoryBean - Closing JPA EntityManagerFactory for persistence unit 'default'
2026-02-26 21:43:46 [Thread-68] INFO  com.zaxxer.hikari.HikariDataSource - HikariPool-18 - Shutdown initiated...
2026-02-26 21:43:46 [Thread-68] INFO  com.zaxxer.hikari.HikariDataSource - HikariPool-18 - Shutdown completed.
2026-02-26 21:43:46 [restartedMain] INFO  b.c.pc.omniflow.OmniflowApplication - Starting OmniflowApplication using Java 17.0.15 with PID 1388877 (/home/paulo/Documentos/projetos/omniflow/target/classes started by paulo in /home/paulo/Documentos/projetos/omniflow)
2026-02-26 21:43:46 [restartedMain] DEBUG b.c.pc.omniflow.OmniflowApplication - Running with Spring Boot v4.0.3, Spring v7.0.5
2026-02-26 21:43:46 [restartedMain] INFO  b.c.pc.omniflow.OmniflowApplication - The following 1 profile is active: "dev"
2026-02-26 21:43:46 [restartedMain] INFO  o.s.d.r.c.RepositoryConfigurationDelegate - Bootstrapping Spring Data JPA repositories in DEFAULT mode.
2026-02-26 21:43:46 [restartedMain] INFO  o.s.d.r.c.RepositoryConfigurationDelegate - Finished Spring Data repository scanning in 32 ms. Found 14 JPA repository interfaces.
2026-02-26 21:43:46 [restartedMain] INFO  o.s.boot.tomcat.TomcatWebServer - Tomcat initialized with port 8080 (http)
2026-02-26 21:43:46 [restartedMain] INFO  o.a.catalina.core.StandardService - Starting service [Tomcat]
2026-02-26 21:43:46 [restartedMain] INFO  o.a.catalina.core.StandardEngine - Starting Servlet engine: [Apache Tomcat/11.0.18]
2026-02-26 21:43:46 [restartedMain] INFO  o.s.b.w.c.s.WebApplicationContextInitializer - Root WebApplicationContext: initialization completed in 283 ms
2026-02-26 21:43:46 [restartedMain] INFO  org.hibernate.orm.jpa - HHH008540: Processing PersistenceUnitInfo [name: default]
2026-02-26 21:43:46 [restartedMain] INFO  o.s.o.j.p.SpringPersistenceUnitInfo - No LoadTimeWeaver setup: ignoring JPA class transformer
2026-02-26 21:43:46 [restartedMain] INFO  com.zaxxer.hikari.HikariDataSource - HikariPool-19 - Starting...
2026-02-26 21:43:46 [restartedMain] INFO  com.zaxxer.hikari.pool.HikariPool - HikariPool-19 - Added connection org.postgresql.jdbc.PgConnection@571cfe2f
2026-02-26 21:43:46 [restartedMain] INFO  com.zaxxer.hikari.HikariDataSource - HikariPool-19 - Start completed.
2026-02-26 21:43:47 [restartedMain] WARN  org.hibernate.orm.deprecation - HHH90000025: PostgreSQLDialect does not need to be specified explicitly using 'hibernate.dialect' (remove the property setting and it will be selected by default)
2026-02-26 21:43:47 [restartedMain] INFO  o.hibernate.orm.connections.pooling - HHH10001005: Database info:
	Database JDBC URL [jdbc:postgresql://10.0.1.9:5438/omniflow]
	Database driver: PostgreSQL JDBC Driver
	Database dialect: PostgreSQLDialect
	Database version: 16.2
	Default catalog/schema: omniflow/public
	Autocommit mode: undefined/unknown
	Isolation level: READ_COMMITTED [default READ_COMMITTED]
	JDBC fetch size: none
	Pool: DataSourceConnectionProvider
	Minimum pool size: undefined/unknown
	Maximum pool size: undefined/unknown
2026-02-26 21:43:47 [restartedMain] WARN  org.hibernate.orm.core - HHH000038: Composite id class does not override equals(): br.com.pc.omniflow.domain.model.EstoqueSaldoId
2026-02-26 21:43:47 [restartedMain] INFO  org.hibernate.orm.core - HHH000489: No JTA platform available (set 'hibernate.transaction.jta.platform' to enable JTA platform integration)
2026-02-26 21:43:48 [restartedMain] INFO  o.s.o.j.LocalContainerEntityManagerFactoryBean - Initialized JPA EntityManagerFactory for persistence unit 'default'
2026-02-26 21:43:48 [restartedMain] WARN  o.s.b.j.a.JpaBaseConfiguration$JpaWebConfiguration - spring.jpa.open-in-view is enabled by default. Therefore, database queries may be performed during view rendering. Explicitly configure spring.jpa.open-in-view to disable this warning
2026-02-26 21:43:49 [restartedMain] INFO  o.s.boot.tomcat.TomcatWebServer - Tomcat started on port 8080 (http) with context path '/'
2026-02-26 21:43:49 [restartedMain] INFO  b.c.pc.omniflow.OmniflowApplication - Started OmniflowApplication in 2.921 seconds (process running for 2172.796)
2026-02-26 21:43:49 [restartedMain] INFO  o.s.b.d.a.ConditionEvaluationDeltaLoggingListener - Condition evaluation unchanged
2026-02-26 21:44:36 [File Watcher] INFO  o.s.b.d.a.LocalDevToolsAutoConfiguration$RestartingClassPathChangeChangedEventListener - Restarting due to 1 class path change (0 additions, 1 deletion, 0 modifications)
2026-02-26 21:44:36 [Thread-72] INFO  o.s.boot.tomcat.GracefulShutdown - Commencing graceful shutdown. Waiting for active requests to complete
2026-02-26 21:44:36 [tomcat-shutdown] INFO  o.s.boot.tomcat.GracefulShutdown - Graceful shutdown complete
2026-02-26 21:44:36 [Thread-72] INFO  o.s.o.j.LocalContainerEntityManagerFactoryBean - Closing JPA EntityManagerFactory for persistence unit 'default'
2026-02-26 21:44:37 [Thread-72] INFO  com.zaxxer.hikari.HikariDataSource - HikariPool-19 - Shutdown initiated...
2026-02-26 21:44:37 [Thread-72] INFO  com.zaxxer.hikari.HikariDataSource - HikariPool-19 - Shutdown completed.
2026-02-26 21:44:37 [restartedMain] INFO  b.c.pc.omniflow.OmniflowApplication - Starting OmniflowApplication using Java 17.0.15 with PID 1388877 (/home/paulo/Documentos/projetos/omniflow/target/classes started by paulo in /home/paulo/Documentos/projetos/omniflow)
2026-02-26 21:44:37 [restartedMain] DEBUG b.c.pc.omniflow.OmniflowApplication - Running with Spring Boot v4.0.3, Spring v7.0.5
2026-02-26 21:44:37 [restartedMain] INFO  b.c.pc.omniflow.OmniflowApplication - The following 1 profile is active: "dev"
2026-02-26 21:44:37 [restartedMain] INFO  o.s.d.r.c.RepositoryConfigurationDelegate - Bootstrapping Spring Data JPA repositories in DEFAULT mode.
2026-02-26 21:44:37 [restartedMain] INFO  o.s.d.r.c.RepositoryConfigurationDelegate - Finished Spring Data repository scanning in 30 ms. Found 14 JPA repository interfaces.
2026-02-26 21:44:37 [restartedMain] INFO  o.s.boot.tomcat.TomcatWebServer - Tomcat initialized with port 8080 (http)
2026-02-26 21:44:37 [restartedMain] INFO  o.a.catalina.core.StandardService - Starting service [Tomcat]
2026-02-26 21:44:37 [restartedMain] INFO  o.a.catalina.core.StandardEngine - Starting Servlet engine: [Apache Tomcat/11.0.18]
2026-02-26 21:44:37 [restartedMain] INFO  o.s.b.w.c.s.WebApplicationContextInitializer - Root WebApplicationContext: initialization completed in 379 ms
2026-02-26 21:44:37 [restartedMain] INFO  org.hibernate.orm.jpa - HHH008540: Processing PersistenceUnitInfo [name: default]
2026-02-26 21:44:37 [restartedMain] INFO  o.s.o.j.p.SpringPersistenceUnitInfo - No LoadTimeWeaver setup: ignoring JPA class transformer
2026-02-26 21:44:37 [restartedMain] INFO  com.zaxxer.hikari.HikariDataSource - HikariPool-20 - Starting...
2026-02-26 21:44:38 [restartedMain] INFO  com.zaxxer.hikari.pool.HikariPool - HikariPool-20 - Added connection org.postgresql.jdbc.PgConnection@240988ba
2026-02-26 21:44:38 [restartedMain] INFO  com.zaxxer.hikari.HikariDataSource - HikariPool-20 - Start completed.
2026-02-26 21:44:38 [restartedMain] WARN  org.hibernate.orm.deprecation - HHH90000025: PostgreSQLDialect does not need to be specified explicitly using 'hibernate.dialect' (remove the property setting and it will be selected by default)
2026-02-26 21:44:38 [restartedMain] INFO  o.hibernate.orm.connections.pooling - HHH10001005: Database info:
	Database JDBC URL [jdbc:postgresql://10.0.1.9:5438/omniflow]
	Database driver: PostgreSQL JDBC Driver
	Database dialect: PostgreSQLDialect
	Database version: 16.2
	Default catalog/schema: omniflow/public
	Autocommit mode: undefined/unknown
	Isolation level: READ_COMMITTED [default READ_COMMITTED]
	JDBC fetch size: none
	Pool: DataSourceConnectionProvider
	Minimum pool size: undefined/unknown
	Maximum pool size: undefined/unknown
2026-02-26 21:44:38 [restartedMain] WARN  org.hibernate.orm.core - HHH000038: Composite id class does not override equals(): br.com.pc.omniflow.domain.model.EstoqueSaldoId
2026-02-26 21:44:38 [restartedMain] INFO  org.hibernate.orm.core - HHH000489: No JTA platform available (set 'hibernate.transaction.jta.platform' to enable JTA platform integration)
2026-02-26 21:44:39 [restartedMain] INFO  o.s.o.j.LocalContainerEntityManagerFactoryBean - Initialized JPA EntityManagerFactory for persistence unit 'default'
2026-02-26 21:44:39 [restartedMain] WARN  o.s.b.j.a.JpaBaseConfiguration$JpaWebConfiguration - spring.jpa.open-in-view is enabled by default. Therefore, database queries may be performed during view rendering. Explicitly configure spring.jpa.open-in-view to disable this warning
2026-02-26 21:44:39 [restartedMain] INFO  o.s.boot.tomcat.TomcatWebServer - Tomcat started on port 8080 (http) with context path '/'
2026-02-26 21:44:39 [restartedMain] INFO  b.c.pc.omniflow.OmniflowApplication - Started OmniflowApplication in 2.089 seconds (process running for 2222.987)
2026-02-26 21:44:39 [restartedMain] INFO  o.s.b.d.a.ConditionEvaluationDeltaLoggingListener - Condition evaluation unchanged
2026-02-26 21:44:48 [File Watcher] INFO  o.s.b.d.a.LocalDevToolsAutoConfiguration$RestartingClassPathChangeChangedEventListener - Restarting due to 1 class path change (0 additions, 1 deletion, 0 modifications)
2026-02-26 21:44:48 [Thread-76] INFO  o.s.boot.tomcat.GracefulShutdown - Commencing graceful shutdown. Waiting for active requests to complete
2026-02-26 21:44:48 [tomcat-shutdown] INFO  o.s.boot.tomcat.GracefulShutdown - Graceful shutdown complete
2026-02-26 21:44:48 [Thread-76] INFO  o.s.o.j.LocalContainerEntityManagerFactoryBean - Closing JPA EntityManagerFactory for persistence unit 'default'
2026-02-26 21:44:49 [Thread-76] INFO  com.zaxxer.hikari.HikariDataSource - HikariPool-20 - Shutdown initiated...
2026-02-26 21:44:49 [Thread-76] INFO  com.zaxxer.hikari.HikariDataSource - HikariPool-20 - Shutdown completed.
2026-02-26 21:44:49 [restartedMain] INFO  b.c.pc.omniflow.OmniflowApplication - Starting OmniflowApplication using Java 17.0.15 with PID 1388877 (/home/paulo/Documentos/projetos/omniflow/target/classes started by paulo in /home/paulo/Documentos/projetos/omniflow)
2026-02-26 21:44:49 [restartedMain] DEBUG b.c.pc.omniflow.OmniflowApplication - Running with Spring Boot v4.0.3, Spring v7.0.5
2026-02-26 21:44:49 [restartedMain] INFO  b.c.pc.omniflow.OmniflowApplication - The following 1 profile is active: "dev"
2026-02-26 21:44:49 [restartedMain] INFO  o.s.d.r.c.RepositoryConfigurationDelegate - Bootstrapping Spring Data JPA repositories in DEFAULT mode.
2026-02-26 21:44:49 [restartedMain] INFO  o.s.d.r.c.RepositoryConfigurationDelegate - Finished Spring Data repository scanning in 70 ms. Found 14 JPA repository interfaces.
2026-02-26 21:44:50 [restartedMain] INFO  o.s.boot.tomcat.TomcatWebServer - Tomcat initialized with port 8080 (http)
2026-02-26 21:44:50 [restartedMain] INFO  o.a.catalina.core.StandardService - Starting service [Tomcat]
2026-02-26 21:44:50 [restartedMain] INFO  o.a.catalina.core.StandardEngine - Starting Servlet engine: [Apache Tomcat/11.0.18]
2026-02-26 21:44:50 [restartedMain] INFO  o.s.b.w.c.s.WebApplicationContextInitializer - Root WebApplicationContext: initialization completed in 522 ms
2026-02-26 21:44:50 [restartedMain] INFO  org.hibernate.orm.jpa - HHH008540: Processing PersistenceUnitInfo [name: default]
2026-02-26 21:44:50 [restartedMain] INFO  o.s.o.j.p.SpringPersistenceUnitInfo - No LoadTimeWeaver setup: ignoring JPA class transformer
2026-02-26 21:44:50 [restartedMain] INFO  com.zaxxer.hikari.HikariDataSource - HikariPool-21 - Starting...
2026-02-26 21:44:50 [restartedMain] INFO  com.zaxxer.hikari.pool.HikariPool - HikariPool-21 - Added connection org.postgresql.jdbc.PgConnection@3c752f31
2026-02-26 21:44:50 [restartedMain] INFO  com.zaxxer.hikari.HikariDataSource - HikariPool-21 - Start completed.
2026-02-26 21:44:50 [restartedMain] WARN  org.hibernate.orm.deprecation - HHH90000025: PostgreSQLDialect does not need to be specified explicitly using 'hibernate.dialect' (remove the property setting and it will be selected by default)
2026-02-26 21:44:50 [restartedMain] INFO  o.hibernate.orm.connections.pooling - HHH10001005: Database info:
	Database JDBC URL [jdbc:postgresql://10.0.1.9:5438/omniflow]
	Database driver: PostgreSQL JDBC Driver
	Database dialect: PostgreSQLDialect
	Database version: 16.2
	Default catalog/schema: omniflow/public
	Autocommit mode: undefined/unknown
	Isolation level: READ_COMMITTED [default READ_COMMITTED]
	JDBC fetch size: none
	Pool: DataSourceConnectionProvider
	Minimum pool size: undefined/unknown
	Maximum pool size: undefined/unknown
2026-02-26 21:44:50 [restartedMain] WARN  org.hibernate.orm.core - HHH000038: Composite id class does not override equals(): br.com.pc.omniflow.domain.model.EstoqueSaldoId
2026-02-26 21:44:50 [restartedMain] INFO  org.hibernate.orm.core - HHH000489: No JTA platform available (set 'hibernate.transaction.jta.platform' to enable JTA platform integration)
2026-02-26 21:44:51 [restartedMain] INFO  o.s.o.j.LocalContainerEntityManagerFactoryBean - Initialized JPA EntityManagerFactory for persistence unit 'default'
2026-02-26 21:44:51 [restartedMain] WARN  o.s.b.j.a.JpaBaseConfiguration$JpaWebConfiguration - spring.jpa.open-in-view is enabled by default. Therefore, database queries may be performed during view rendering. Explicitly configure spring.jpa.open-in-view to disable this warning
2026-02-26 21:44:51 [restartedMain] INFO  o.s.boot.tomcat.TomcatWebServer - Tomcat started on port 8080 (http) with context path '/'
2026-02-26 21:44:51 [restartedMain] INFO  b.c.pc.omniflow.OmniflowApplication - Started OmniflowApplication in 2.369 seconds (process running for 2235.433)
2026-02-26 21:44:52 [restartedMain] INFO  o.s.b.d.a.ConditionEvaluationDeltaLoggingListener - Condition evaluation unchanged
2026-02-26 21:45:30 [File Watcher] INFO  o.s.b.d.a.LocalDevToolsAutoConfiguration$RestartingClassPathChangeChangedEventListener - Restarting due to 1 class path change (0 additions, 1 deletion, 0 modifications)
2026-02-26 21:45:30 [Thread-80] INFO  o.s.boot.tomcat.GracefulShutdown - Commencing graceful shutdown. Waiting for active requests to complete
2026-02-26 21:45:30 [tomcat-shutdown] INFO  o.s.boot.tomcat.GracefulShutdown - Graceful shutdown complete
2026-02-26 21:45:30 [Thread-80] INFO  o.s.o.j.LocalContainerEntityManagerFactoryBean - Closing JPA EntityManagerFactory for persistence unit 'default'
2026-02-26 21:45:30 [Thread-80] INFO  com.zaxxer.hikari.HikariDataSource - HikariPool-21 - Shutdown initiated...
2026-02-26 21:45:30 [Thread-80] INFO  com.zaxxer.hikari.HikariDataSource - HikariPool-21 - Shutdown completed.
2026-02-26 21:45:31 [restartedMain] INFO  b.c.pc.omniflow.OmniflowApplication - Starting OmniflowApplication using Java 17.0.15 with PID 1388877 (/home/paulo/Documentos/projetos/omniflow/target/classes started by paulo in /home/paulo/Documentos/projetos/omniflow)
2026-02-26 21:45:31 [restartedMain] DEBUG b.c.pc.omniflow.OmniflowApplication - Running with Spring Boot v4.0.3, Spring v7.0.5
2026-02-26 21:45:31 [restartedMain] INFO  b.c.pc.omniflow.OmniflowApplication - The following 1 profile is active: "dev"
2026-02-26 21:45:31 [restartedMain] INFO  o.s.d.r.c.RepositoryConfigurationDelegate - Bootstrapping Spring Data JPA repositories in DEFAULT mode.
2026-02-26 21:45:31 [restartedMain] INFO  o.s.d.r.c.RepositoryConfigurationDelegate - Finished Spring Data repository scanning in 41 ms. Found 14 JPA repository interfaces.
2026-02-26 21:45:31 [restartedMain] INFO  o.s.boot.tomcat.TomcatWebServer - Tomcat initialized with port 8080 (http)
2026-02-26 21:45:31 [restartedMain] INFO  o.a.catalina.core.StandardService - Starting service [Tomcat]
2026-02-26 21:45:31 [restartedMain] INFO  o.a.catalina.core.StandardEngine - Starting Servlet engine: [Apache Tomcat/11.0.18]
2026-02-26 21:45:31 [restartedMain] INFO  o.s.b.w.c.s.WebApplicationContextInitializer - Root WebApplicationContext: initialization completed in 411 ms
2026-02-26 21:45:31 [restartedMain] INFO  org.hibernate.orm.jpa - HHH008540: Processing PersistenceUnitInfo [name: default]
2026-02-26 21:45:31 [restartedMain] INFO  o.s.o.j.p.SpringPersistenceUnitInfo - No LoadTimeWeaver setup: ignoring JPA class transformer
2026-02-26 21:45:31 [restartedMain] INFO  com.zaxxer.hikari.HikariDataSource - HikariPool-22 - Starting...
2026-02-26 21:45:31 [restartedMain] INFO  com.zaxxer.hikari.pool.HikariPool - HikariPool-22 - Added connection org.postgresql.jdbc.PgConnection@1d8548a3
2026-02-26 21:45:31 [restartedMain] INFO  com.zaxxer.hikari.HikariDataSource - HikariPool-22 - Start completed.
2026-02-26 21:45:31 [restartedMain] WARN  org.hibernate.orm.deprecation - HHH90000025: PostgreSQLDialect does not need to be specified explicitly using 'hibernate.dialect' (remove the property setting and it will be selected by default)
2026-02-26 21:45:31 [restartedMain] INFO  o.hibernate.orm.connections.pooling - HHH10001005: Database info:
	Database JDBC URL [jdbc:postgresql://10.0.1.9:5438/omniflow]
	Database driver: PostgreSQL JDBC Driver
	Database dialect: PostgreSQLDialect
	Database version: 16.2
	Default catalog/schema: omniflow/public
	Autocommit mode: undefined/unknown
	Isolation level: READ_COMMITTED [default READ_COMMITTED]
	JDBC fetch size: none
	Pool: DataSourceConnectionProvider
	Minimum pool size: undefined/unknown
	Maximum pool size: undefined/unknown
2026-02-26 21:45:31 [restartedMain] WARN  org.hibernate.orm.core - HHH000038: Composite id class does not override equals(): br.com.pc.omniflow.domain.model.EstoqueSaldoId
2026-02-26 21:45:32 [restartedMain] INFO  org.hibernate.orm.core - HHH000489: No JTA platform available (set 'hibernate.transaction.jta.platform' to enable JTA platform integration)
2026-02-26 21:45:33 [restartedMain] INFO  o.s.o.j.LocalContainerEntityManagerFactoryBean - Initialized JPA EntityManagerFactory for persistence unit 'default'
2026-02-26 21:45:33 [restartedMain] WARN  o.s.b.j.a.JpaBaseConfiguration$JpaWebConfiguration - spring.jpa.open-in-view is enabled by default. Therefore, database queries may be performed during view rendering. Explicitly configure spring.jpa.open-in-view to disable this warning
2026-02-26 21:45:33 [restartedMain] INFO  o.s.boot.tomcat.TomcatWebServer - Tomcat started on port 8080 (http) with context path '/'
2026-02-26 21:45:33 [restartedMain] INFO  b.c.pc.omniflow.OmniflowApplication - Started OmniflowApplication in 2.363 seconds (process running for 2276.911)
2026-02-26 21:45:33 [restartedMain] INFO  o.s.b.d.a.ConditionEvaluationDeltaLoggingListener - Condition evaluation unchanged
2026-02-26 21:45:58 [File Watcher] INFO  o.s.b.d.a.LocalDevToolsAutoConfiguration$RestartingClassPathChangeChangedEventListener - Restarting due to 1 class path change (0 additions, 1 deletion, 0 modifications)
2026-02-26 21:45:58 [Thread-84] INFO  o.s.boot.tomcat.GracefulShutdown - Commencing graceful shutdown. Waiting for active requests to complete
2026-02-26 21:45:58 [tomcat-shutdown] INFO  o.s.boot.tomcat.GracefulShutdown - Graceful shutdown complete
2026-02-26 21:45:58 [Thread-84] INFO  o.s.o.j.LocalContainerEntityManagerFactoryBean - Closing JPA EntityManagerFactory for persistence unit 'default'
2026-02-26 21:45:59 [Thread-84] INFO  com.zaxxer.hikari.HikariDataSource - HikariPool-22 - Shutdown initiated...
2026-02-26 21:45:59 [Thread-84] INFO  com.zaxxer.hikari.HikariDataSource - HikariPool-22 - Shutdown completed.
2026-02-26 21:45:59 [restartedMain] INFO  b.c.pc.omniflow.OmniflowApplication - Starting OmniflowApplication using Java 17.0.15 with PID 1388877 (/home/paulo/Documentos/projetos/omniflow/target/classes started by paulo in /home/paulo/Documentos/projetos/omniflow)
2026-02-26 21:45:59 [restartedMain] DEBUG b.c.pc.omniflow.OmniflowApplication - Running with Spring Boot v4.0.3, Spring v7.0.5
2026-02-26 21:45:59 [restartedMain] INFO  b.c.pc.omniflow.OmniflowApplication - The following 1 profile is active: "dev"
2026-02-26 21:45:59 [restartedMain] INFO  o.s.d.r.c.RepositoryConfigurationDelegate - Bootstrapping Spring Data JPA repositories in DEFAULT mode.
2026-02-26 21:45:59 [restartedMain] INFO  o.s.d.r.c.RepositoryConfigurationDelegate - Finished Spring Data repository scanning in 45 ms. Found 14 JPA repository interfaces.
2026-02-26 21:46:00 [restartedMain] INFO  o.s.boot.tomcat.TomcatWebServer - Tomcat initialized with port 8080 (http)
2026-02-26 21:46:00 [restartedMain] INFO  o.a.catalina.core.StandardService - Starting service [Tomcat]
2026-02-26 21:46:00 [restartedMain] INFO  o.a.catalina.core.StandardEngine - Starting Servlet engine: [Apache Tomcat/11.0.18]
2026-02-26 21:46:00 [restartedMain] INFO  o.s.b.w.c.s.WebApplicationContextInitializer - Root WebApplicationContext: initialization completed in 373 ms
2026-02-26 21:46:00 [restartedMain] INFO  org.hibernate.orm.jpa - HHH008540: Processing PersistenceUnitInfo [name: default]
2026-02-26 21:46:00 [restartedMain] INFO  o.s.o.j.p.SpringPersistenceUnitInfo - No LoadTimeWeaver setup: ignoring JPA class transformer
2026-02-26 21:46:00 [restartedMain] INFO  com.zaxxer.hikari.HikariDataSource - HikariPool-23 - Starting...
2026-02-26 21:46:00 [restartedMain] INFO  com.zaxxer.hikari.pool.HikariPool - HikariPool-23 - Added connection org.postgresql.jdbc.PgConnection@5cda614f
2026-02-26 21:46:00 [restartedMain] INFO  com.zaxxer.hikari.HikariDataSource - HikariPool-23 - Start completed.
2026-02-26 21:46:00 [restartedMain] WARN  org.hibernate.orm.deprecation - HHH90000025: PostgreSQLDialect does not need to be specified explicitly using 'hibernate.dialect' (remove the property setting and it will be selected by default)
2026-02-26 21:46:00 [restartedMain] INFO  o.hibernate.orm.connections.pooling - HHH10001005: Database info:
	Database JDBC URL [jdbc:postgresql://10.0.1.9:5438/omniflow]
	Database driver: PostgreSQL JDBC Driver
	Database dialect: PostgreSQLDialect
	Database version: 16.2
	Default catalog/schema: omniflow/public
	Autocommit mode: undefined/unknown
	Isolation level: READ_COMMITTED [default READ_COMMITTED]
	JDBC fetch size: none
	Pool: DataSourceConnectionProvider
	Minimum pool size: undefined/unknown
	Maximum pool size: undefined/unknown
2026-02-26 21:46:00 [restartedMain] WARN  org.hibernate.orm.core - HHH000038: Composite id class does not override equals(): br.com.pc.omniflow.domain.model.EstoqueSaldoId
2026-02-26 21:46:00 [restartedMain] INFO  org.hibernate.orm.core - HHH000489: No JTA platform available (set 'hibernate.transaction.jta.platform' to enable JTA platform integration)
2026-02-26 21:46:01 [restartedMain] INFO  o.s.o.j.LocalContainerEntityManagerFactoryBean - Initialized JPA EntityManagerFactory for persistence unit 'default'
2026-02-26 21:46:01 [restartedMain] WARN  o.s.b.j.a.JpaBaseConfiguration$JpaWebConfiguration - spring.jpa.open-in-view is enabled by default. Therefore, database queries may be performed during view rendering. Explicitly configure spring.jpa.open-in-view to disable this warning
2026-02-26 21:46:01 [restartedMain] INFO  o.s.boot.tomcat.TomcatWebServer - Tomcat started on port 8080 (http) with context path '/'
2026-02-26 21:46:01 [restartedMain] INFO  b.c.pc.omniflow.OmniflowApplication - Started OmniflowApplication in 2.355 seconds (process running for 2305.372)
2026-02-26 21:46:01 [restartedMain] INFO  o.s.b.d.a.ConditionEvaluationDeltaLoggingListener - Condition evaluation unchanged
2026-02-26 21:46:39 [File Watcher] INFO  o.s.b.d.a.LocalDevToolsAutoConfiguration$RestartingClassPathChangeChangedEventListener - Restarting due to 1 class path change (0 additions, 1 deletion, 0 modifications)
2026-02-26 21:46:39 [Thread-88] INFO  o.s.boot.tomcat.GracefulShutdown - Commencing graceful shutdown. Waiting for active requests to complete
2026-02-26 21:46:39 [tomcat-shutdown] INFO  o.s.boot.tomcat.GracefulShutdown - Graceful shutdown complete
2026-02-26 21:46:39 [Thread-88] INFO  o.s.o.j.LocalContainerEntityManagerFactoryBean - Closing JPA EntityManagerFactory for persistence unit 'default'
2026-02-26 21:46:39 [Thread-88] INFO  com.zaxxer.hikari.HikariDataSource - HikariPool-23 - Shutdown initiated...
2026-02-26 21:46:39 [Thread-88] INFO  com.zaxxer.hikari.HikariDataSource - HikariPool-23 - Shutdown completed.
2026-02-26 21:46:40 [restartedMain] INFO  b.c.pc.omniflow.OmniflowApplication - Starting OmniflowApplication using Java 17.0.15 with PID 1388877 (/home/paulo/Documentos/projetos/omniflow/target/classes started by paulo in /home/paulo/Documentos/projetos/omniflow)
2026-02-26 21:46:40 [restartedMain] DEBUG b.c.pc.omniflow.OmniflowApplication - Running with Spring Boot v4.0.3, Spring v7.0.5
2026-02-26 21:46:40 [restartedMain] INFO  b.c.pc.omniflow.OmniflowApplication - The following 1 profile is active: "dev"
2026-02-26 21:46:40 [restartedMain] INFO  o.s.d.r.c.RepositoryConfigurationDelegate - Bootstrapping Spring Data JPA repositories in DEFAULT mode.
2026-02-26 21:46:40 [restartedMain] INFO  o.s.d.r.c.RepositoryConfigurationDelegate - Finished Spring Data repository scanning in 28 ms. Found 14 JPA repository interfaces.
2026-02-26 21:46:40 [restartedMain] INFO  o.s.boot.tomcat.TomcatWebServer - Tomcat initialized with port 8080 (http)
2026-02-26 21:46:40 [restartedMain] INFO  o.a.catalina.core.StandardService - Starting service [Tomcat]
2026-02-26 21:46:40 [restartedMain] INFO  o.a.catalina.core.StandardEngine - Starting Servlet engine: [Apache Tomcat/11.0.18]
2026-02-26 21:46:40 [restartedMain] INFO  o.s.b.w.c.s.WebApplicationContextInitializer - Root WebApplicationContext: initialization completed in 267 ms
2026-02-26 21:46:40 [restartedMain] INFO  org.hibernate.orm.jpa - HHH008540: Processing PersistenceUnitInfo [name: default]
2026-02-26 21:46:40 [restartedMain] INFO  o.s.o.j.p.SpringPersistenceUnitInfo - No LoadTimeWeaver setup: ignoring JPA class transformer
2026-02-26 21:46:40 [restartedMain] INFO  com.zaxxer.hikari.HikariDataSource - HikariPool-24 - Starting...
2026-02-26 21:46:40 [restartedMain] INFO  com.zaxxer.hikari.pool.HikariPool - HikariPool-24 - Added connection org.postgresql.jdbc.PgConnection@1ab4aeb6
2026-02-26 21:46:40 [restartedMain] INFO  com.zaxxer.hikari.HikariDataSource - HikariPool-24 - Start completed.
2026-02-26 21:46:40 [restartedMain] WARN  org.hibernate.orm.deprecation - HHH90000025: PostgreSQLDialect does not need to be specified explicitly using 'hibernate.dialect' (remove the property setting and it will be selected by default)
2026-02-26 21:46:40 [restartedMain] INFO  o.hibernate.orm.connections.pooling - HHH10001005: Database info:
	Database JDBC URL [jdbc:postgresql://10.0.1.9:5438/omniflow]
	Database driver: PostgreSQL JDBC Driver
	Database dialect: PostgreSQLDialect
	Database version: 16.2
	Default catalog/schema: omniflow/public
	Autocommit mode: undefined/unknown
	Isolation level: READ_COMMITTED [default READ_COMMITTED]
	JDBC fetch size: none
	Pool: DataSourceConnectionProvider
	Minimum pool size: undefined/unknown
	Maximum pool size: undefined/unknown
2026-02-26 21:46:40 [restartedMain] WARN  org.hibernate.orm.core - HHH000038: Composite id class does not override equals(): br.com.pc.omniflow.domain.model.EstoqueSaldoId
2026-02-26 21:46:40 [restartedMain] INFO  org.hibernate.orm.core - HHH000489: No JTA platform available (set 'hibernate.transaction.jta.platform' to enable JTA platform integration)
2026-02-26 21:46:41 [restartedMain] INFO  o.s.o.j.LocalContainerEntityManagerFactoryBean - Initialized JPA EntityManagerFactory for persistence unit 'default'
2026-02-26 21:46:41 [restartedMain] WARN  o.s.b.j.a.JpaBaseConfiguration$JpaWebConfiguration - spring.jpa.open-in-view is enabled by default. Therefore, database queries may be performed during view rendering. Explicitly configure spring.jpa.open-in-view to disable this warning
2026-02-26 21:46:42 [restartedMain] INFO  o.s.boot.tomcat.TomcatWebServer - Tomcat started on port 8080 (http) with context path '/'
2026-02-26 21:46:42 [restartedMain] INFO  b.c.pc.omniflow.OmniflowApplication - Started OmniflowApplication in 2.205 seconds (process running for 2345.663)
2026-02-26 21:46:42 [restartedMain] INFO  o.s.b.d.a.ConditionEvaluationDeltaLoggingListener - Condition evaluation unchanged
2026-02-26 21:49:39 [File Watcher] INFO  o.s.b.d.a.LocalDevToolsAutoConfiguration$RestartingClassPathChangeChangedEventListener - Restarting due to 2 class path changes (0 additions, 2 deletions, 0 modifications)
2026-02-26 21:49:39 [Thread-92] INFO  o.s.boot.tomcat.GracefulShutdown - Commencing graceful shutdown. Waiting for active requests to complete
2026-02-26 21:49:39 [tomcat-shutdown] INFO  o.s.boot.tomcat.GracefulShutdown - Graceful shutdown complete
2026-02-26 21:49:39 [Thread-92] INFO  o.s.o.j.LocalContainerEntityManagerFactoryBean - Closing JPA EntityManagerFactory for persistence unit 'default'
2026-02-26 21:49:39 [Thread-92] INFO  com.zaxxer.hikari.HikariDataSource - HikariPool-24 - Shutdown initiated...
2026-02-26 21:49:39 [Thread-92] INFO  com.zaxxer.hikari.HikariDataSource - HikariPool-24 - Shutdown completed.
2026-02-26 21:49:39 [restartedMain] INFO  b.c.pc.omniflow.OmniflowApplication - Starting OmniflowApplication using Java 17.0.15 with PID 1388877 (/home/paulo/Documentos/projetos/omniflow/target/classes started by paulo in /home/paulo/Documentos/projetos/omniflow)
2026-02-26 21:49:39 [restartedMain] DEBUG b.c.pc.omniflow.OmniflowApplication - Running with Spring Boot v4.0.3, Spring v7.0.5
2026-02-26 21:49:39 [restartedMain] INFO  b.c.pc.omniflow.OmniflowApplication - The following 1 profile is active: "dev"
2026-02-26 21:49:40 [restartedMain] INFO  o.s.d.r.c.RepositoryConfigurationDelegate - Bootstrapping Spring Data JPA repositories in DEFAULT mode.
2026-02-26 21:49:40 [restartedMain] INFO  o.s.d.r.c.RepositoryConfigurationDelegate - Finished Spring Data repository scanning in 35 ms. Found 14 JPA repository interfaces.
2026-02-26 21:49:40 [restartedMain] INFO  o.s.boot.tomcat.TomcatWebServer - Tomcat initialized with port 8080 (http)
2026-02-26 21:49:40 [restartedMain] INFO  o.a.catalina.core.StandardService - Starting service [Tomcat]
2026-02-26 21:49:40 [restartedMain] INFO  o.a.catalina.core.StandardEngine - Starting Servlet engine: [Apache Tomcat/11.0.18]
2026-02-26 21:49:40 [restartedMain] INFO  o.s.b.w.c.s.WebApplicationContextInitializer - Root WebApplicationContext: initialization completed in 487 ms
2026-02-26 21:49:40 [restartedMain] INFO  org.hibernate.orm.jpa - HHH008540: Processing PersistenceUnitInfo [name: default]
2026-02-26 21:49:40 [restartedMain] INFO  o.s.o.j.p.SpringPersistenceUnitInfo - No LoadTimeWeaver setup: ignoring JPA class transformer
2026-02-26 21:49:40 [restartedMain] INFO  com.zaxxer.hikari.HikariDataSource - HikariPool-25 - Starting...
2026-02-26 21:49:40 [restartedMain] INFO  com.zaxxer.hikari.pool.HikariPool - HikariPool-25 - Added connection org.postgresql.jdbc.PgConnection@324850c
2026-02-26 21:49:40 [restartedMain] INFO  com.zaxxer.hikari.HikariDataSource - HikariPool-25 - Start completed.
2026-02-26 21:49:40 [restartedMain] WARN  org.hibernate.orm.deprecation - HHH90000025: PostgreSQLDialect does not need to be specified explicitly using 'hibernate.dialect' (remove the property setting and it will be selected by default)
2026-02-26 21:49:40 [restartedMain] INFO  o.hibernate.orm.connections.pooling - HHH10001005: Database info:
	Database JDBC URL [jdbc:postgresql://10.0.1.9:5438/omniflow]
	Database driver: PostgreSQL JDBC Driver
	Database dialect: PostgreSQLDialect
	Database version: 16.2
	Default catalog/schema: omniflow/public
	Autocommit mode: undefined/unknown
	Isolation level: READ_COMMITTED [default READ_COMMITTED]
	JDBC fetch size: none
	Pool: DataSourceConnectionProvider
	Minimum pool size: undefined/unknown
	Maximum pool size: undefined/unknown
2026-02-26 21:49:40 [restartedMain] WARN  org.hibernate.orm.core - HHH000038: Composite id class does not override equals(): br.com.pc.omniflow.domain.model.EstoqueSaldoId
2026-02-26 21:49:40 [restartedMain] INFO  org.hibernate.orm.core - HHH000489: No JTA platform available (set 'hibernate.transaction.jta.platform' to enable JTA platform integration)
2026-02-26 21:49:41 [restartedMain] INFO  o.s.o.j.LocalContainerEntityManagerFactoryBean - Initialized JPA EntityManagerFactory for persistence unit 'default'
2026-02-26 21:49:41 [restartedMain] WARN  o.s.b.w.s.s.c.AnnotationConfigServletWebServerApplicationContext - Exception encountered during context initialization - cancelling refresh attempt: org.springframework.beans.factory.UnsatisfiedDependencyException: Error creating bean with name 'omniflowApplication': Unsatisfied dependency expressed through field 'testeService': No qualifying bean of type 'br.com.pc.omniflow.service.TesteService' available: expected at least 1 bean which qualifies as autowire candidate. Dependency annotations: {@org.springframework.beans.factory.annotation.Autowired(required=true)}
2026-02-26 21:49:41 [restartedMain] INFO  o.s.o.j.LocalContainerEntityManagerFactoryBean - Closing JPA EntityManagerFactory for persistence unit 'default'
2026-02-26 21:49:42 [restartedMain] INFO  com.zaxxer.hikari.HikariDataSource - HikariPool-25 - Shutdown initiated...
2026-02-26 21:49:42 [restartedMain] INFO  com.zaxxer.hikari.HikariDataSource - HikariPool-25 - Shutdown completed.
2026-02-26 21:49:42 [restartedMain] INFO  o.a.catalina.core.StandardService - Stopping service [Tomcat]
2026-02-26 21:49:42 [restartedMain] INFO  o.s.b.a.l.ConditionEvaluationReportLogger - 

Error starting ApplicationContext. To display the condition evaluation report re-run your application with 'debug' enabled.
2026-02-26 21:49:42 [restartedMain] ERROR o.s.b.d.LoggingFailureAnalysisReporter - 

***************************
APPLICATION FAILED TO START
***************************

Description:

Field testeService in br.com.pc.omniflow.OmniflowApplication required a bean of type 'br.com.pc.omniflow.service.TesteService' that could not be found.

The injection point has the following annotations:
	- @org.springframework.beans.factory.annotation.Autowired(required=true)


Action:

Consider defining a bean of type 'br.com.pc.omniflow.service.TesteService' in your configuration.

2026-02-26 22:13:15 [restartedMain] INFO  b.c.pc.omniflow.OmniflowApplication - Starting OmniflowApplication using Java 17.0.15 with PID 1388877 (/home/paulo/Documentos/projetos/omniflow/target/classes started by paulo in /home/paulo/Documentos/projetos/omniflow)
2026-02-26 22:13:15 [restartedMain] DEBUG b.c.pc.omniflow.OmniflowApplication - Running with Spring Boot v4.0.3, Spring v7.0.5
2026-02-26 22:13:15 [restartedMain] INFO  b.c.pc.omniflow.OmniflowApplication - The following 1 profile is active: "dev"
2026-02-26 22:13:15 [restartedMain] INFO  o.s.d.r.c.RepositoryConfigurationDelegate - Bootstrapping Spring Data JPA repositories in DEFAULT mode.
2026-02-26 22:13:15 [restartedMain] INFO  o.s.d.r.c.RepositoryConfigurationDelegate - Finished Spring Data repository scanning in 33 ms. Found 14 JPA repository interfaces.
2026-02-26 22:13:15 [restartedMain] INFO  o.s.boot.tomcat.TomcatWebServer - Tomcat initialized with port 8080 (http)
2026-02-26 22:13:15 [restartedMain] INFO  o.a.catalina.core.StandardService - Starting service [Tomcat]
2026-02-26 22:13:15 [restartedMain] INFO  o.a.catalina.core.StandardEngine - Starting Servlet engine: [Apache Tomcat/11.0.18]
2026-02-26 22:13:15 [restartedMain] INFO  o.s.b.w.c.s.WebApplicationContextInitializer - Root WebApplicationContext: initialization completed in 367 ms
2026-02-26 22:13:16 [restartedMain] INFO  org.hibernate.orm.jpa - HHH008540: Processing PersistenceUnitInfo [name: default]
2026-02-26 22:13:16 [restartedMain] INFO  o.s.o.j.p.SpringPersistenceUnitInfo - No LoadTimeWeaver setup: ignoring JPA class transformer
2026-02-26 22:13:16 [restartedMain] INFO  com.zaxxer.hikari.HikariDataSource - HikariPool-26 - Starting...
2026-02-26 22:13:16 [restartedMain] INFO  com.zaxxer.hikari.pool.HikariPool - HikariPool-26 - Added connection org.postgresql.jdbc.PgConnection@6350e71a
2026-02-26 22:13:16 [restartedMain] INFO  com.zaxxer.hikari.HikariDataSource - HikariPool-26 - Start completed.
2026-02-26 22:13:16 [restartedMain] WARN  org.hibernate.orm.deprecation - HHH90000025: PostgreSQLDialect does not need to be specified explicitly using 'hibernate.dialect' (remove the property setting and it will be selected by default)
2026-02-26 22:13:16 [restartedMain] INFO  o.hibernate.orm.connections.pooling - HHH10001005: Database info:
	Database JDBC URL [jdbc:postgresql://10.0.1.9:5438/omniflow]
	Database driver: PostgreSQL JDBC Driver
	Database dialect: PostgreSQLDialect
	Database version: 16.2
	Default catalog/schema: omniflow/public
	Autocommit mode: undefined/unknown
	Isolation level: READ_COMMITTED [default READ_COMMITTED]
	JDBC fetch size: none
	Pool: DataSourceConnectionProvider
	Minimum pool size: undefined/unknown
	Maximum pool size: undefined/unknown
2026-02-26 22:13:16 [restartedMain] WARN  org.hibernate.orm.core - HHH000038: Composite id class does not override equals(): br.com.pc.omniflow.domain.model.EstoqueSaldoId
2026-02-26 22:13:16 [restartedMain] INFO  org.hibernate.orm.core - HHH000489: No JTA platform available (set 'hibernate.transaction.jta.platform' to enable JTA platform integration)
2026-02-26 22:13:17 [restartedMain] INFO  o.s.o.j.LocalContainerEntityManagerFactoryBean - Initialized JPA EntityManagerFactory for persistence unit 'default'
2026-02-26 22:13:17 [restartedMain] WARN  o.s.b.j.a.JpaBaseConfiguration$JpaWebConfiguration - spring.jpa.open-in-view is enabled by default. Therefore, database queries may be performed during view rendering. Explicitly configure spring.jpa.open-in-view to disable this warning
2026-02-26 22:13:17 [restartedMain] INFO  o.s.boot.tomcat.TomcatWebServer - Tomcat started on port 8080 (http) with context path '/'
2026-02-26 22:13:18 [restartedMain] INFO  b.c.pc.omniflow.OmniflowApplication - Started OmniflowApplication in 2.458 seconds (process running for 3941.449)
2026-02-26 22:13:18 [restartedMain] INFO  b.c.p.omniflow.service.NfeXmlService - Recebido arquivo para importação: 
2026-02-26 22:13:18 [restartedMain] INFO  b.c.p.omniflow.service.NfeXmlService - Formato de arquivo não suportado: 
2026-02-26 22:13:18 [restartedMain] INFO  o.s.b.d.a.ConditionEvaluationDeltaLoggingListener - Condition evaluation unchanged
2026-02-26 22:18:25 [File Watcher] INFO  o.s.b.d.a.LocalDevToolsAutoConfiguration$RestartingClassPathChangeChangedEventListener - Restarting due to 1 class path change (0 additions, 1 deletion, 0 modifications)
2026-02-26 22:18:25 [Thread-96] INFO  o.s.boot.tomcat.GracefulShutdown - Commencing graceful shutdown. Waiting for active requests to complete
2026-02-26 22:18:25 [tomcat-shutdown] INFO  o.s.boot.tomcat.GracefulShutdown - Graceful shutdown complete
2026-02-26 22:18:25 [Thread-96] INFO  o.s.o.j.LocalContainerEntityManagerFactoryBean - Closing JPA EntityManagerFactory for persistence unit 'default'
2026-02-26 22:18:25 [Thread-96] INFO  com.zaxxer.hikari.HikariDataSource - HikariPool-26 - Shutdown initiated...
2026-02-26 22:18:25 [Thread-96] INFO  com.zaxxer.hikari.HikariDataSource - HikariPool-26 - Shutdown completed.
2026-02-26 22:18:25 [restartedMain] INFO  b.c.pc.omniflow.OmniflowApplication - Starting OmniflowApplication using Java 17.0.15 with PID 1388877 (/home/paulo/Documentos/projetos/omniflow/target/classes started by paulo in /home/paulo/Documentos/projetos/omniflow)
2026-02-26 22:18:25 [restartedMain] DEBUG b.c.pc.omniflow.OmniflowApplication - Running with Spring Boot v4.0.3, Spring v7.0.5
2026-02-26 22:18:25 [restartedMain] INFO  b.c.pc.omniflow.OmniflowApplication - The following 1 profile is active: "dev"
2026-02-26 22:18:26 [restartedMain] INFO  o.s.d.r.c.RepositoryConfigurationDelegate - Bootstrapping Spring Data JPA repositories in DEFAULT mode.
2026-02-26 22:18:26 [restartedMain] INFO  o.s.d.r.c.RepositoryConfigurationDelegate - Finished Spring Data repository scanning in 29 ms. Found 14 JPA repository interfaces.
2026-02-26 22:18:26 [restartedMain] INFO  o.s.boot.tomcat.TomcatWebServer - Tomcat initialized with port 8080 (http)
2026-02-26 22:18:26 [restartedMain] INFO  o.a.catalina.core.StandardService - Starting service [Tomcat]
2026-02-26 22:18:26 [restartedMain] INFO  o.a.catalina.core.StandardEngine - Starting Servlet engine: [Apache Tomcat/11.0.18]
2026-02-26 22:18:26 [restartedMain] INFO  o.s.b.w.c.s.WebApplicationContextInitializer - Root WebApplicationContext: initialization completed in 387 ms
2026-02-26 22:18:26 [restartedMain] INFO  org.hibernate.orm.jpa - HHH008540: Processing PersistenceUnitInfo [name: default]
2026-02-26 22:18:26 [restartedMain] INFO  o.s.o.j.p.SpringPersistenceUnitInfo - No LoadTimeWeaver setup: ignoring JPA class transformer
2026-02-26 22:18:26 [restartedMain] INFO  com.zaxxer.hikari.HikariDataSource - HikariPool-27 - Starting...
2026-02-26 22:18:26 [restartedMain] INFO  com.zaxxer.hikari.pool.HikariPool - HikariPool-27 - Added connection org.postgresql.jdbc.PgConnection@466291d5
2026-02-26 22:18:26 [restartedMain] INFO  com.zaxxer.hikari.HikariDataSource - HikariPool-27 - Start completed.
2026-02-26 22:18:26 [restartedMain] WARN  org.hibernate.orm.deprecation - HHH90000025: PostgreSQLDialect does not need to be specified explicitly using 'hibernate.dialect' (remove the property setting and it will be selected by default)
2026-02-26 22:18:26 [restartedMain] INFO  o.hibernate.orm.connections.pooling - HHH10001005: Database info:
	Database JDBC URL [jdbc:postgresql://10.0.1.9:5438/omniflow]
	Database driver: PostgreSQL JDBC Driver
	Database dialect: PostgreSQLDialect
	Database version: 16.2
	Default catalog/schema: omniflow/public
	Autocommit mode: undefined/unknown
	Isolation level: READ_COMMITTED [default READ_COMMITTED]
	JDBC fetch size: none
	Pool: DataSourceConnectionProvider
	Minimum pool size: undefined/unknown
	Maximum pool size: undefined/unknown
2026-02-26 22:18:26 [restartedMain] WARN  org.hibernate.orm.core - HHH000038: Composite id class does not override equals(): br.com.pc.omniflow.domain.model.EstoqueSaldoId
2026-02-26 22:18:26 [restartedMain] INFO  org.hibernate.orm.core - HHH000489: No JTA platform available (set 'hibernate.transaction.jta.platform' to enable JTA platform integration)
2026-02-26 22:18:27 [restartedMain] INFO  o.s.o.j.LocalContainerEntityManagerFactoryBean - Initialized JPA EntityManagerFactory for persistence unit 'default'
2026-02-26 22:18:27 [restartedMain] WARN  o.s.b.w.s.s.c.AnnotationConfigServletWebServerApplicationContext - Exception encountered during context initialization - cancelling refresh attempt: org.springframework.beans.factory.UnsatisfiedDependencyException: Error creating bean with name 'omniflowApplication': Unsatisfied dependency expressed through field 'nfeXmlService': No qualifying bean of type 'br.com.pc.omniflow.service.NfeXmlService' available: expected at least 1 bean which qualifies as autowire candidate. Dependency annotations: {@org.springframework.beans.factory.annotation.Autowired(required=true)}
2026-02-26 22:18:27 [restartedMain] INFO  o.s.o.j.LocalContainerEntityManagerFactoryBean - Closing JPA EntityManagerFactory for persistence unit 'default'
2026-02-26 22:18:28 [restartedMain] INFO  com.zaxxer.hikari.HikariDataSource - HikariPool-27 - Shutdown initiated...
2026-02-26 22:18:28 [restartedMain] INFO  com.zaxxer.hikari.HikariDataSource - HikariPool-27 - Shutdown completed.
2026-02-26 22:18:28 [restartedMain] INFO  o.a.catalina.core.StandardService - Stopping service [Tomcat]
2026-02-26 22:18:28 [restartedMain] INFO  o.s.b.a.l.ConditionEvaluationReportLogger - 

Error starting ApplicationContext. To display the condition evaluation report re-run your application with 'debug' enabled.
2026-02-26 22:18:28 [restartedMain] ERROR o.s.b.d.LoggingFailureAnalysisReporter - 

***************************
APPLICATION FAILED TO START
***************************

Description:

Field nfeXmlService in br.com.pc.omniflow.OmniflowApplication required a bean of type 'br.com.pc.omniflow.service.NfeXmlService' that could not be found.

The injection point has the following annotations:
	- @org.springframework.beans.factory.annotation.Autowired(required=true)


Action:

Consider defining a bean of type 'br.com.pc.omniflow.service.NfeXmlService' in your configuration.

2026-02-26 22:18:29 [restartedMain] INFO  b.c.pc.omniflow.OmniflowApplication - Starting OmniflowApplication using Java 17.0.15 with PID 1388877 (/home/paulo/Documentos/projetos/omniflow/target/classes started by paulo in /home/paulo/Documentos/projetos/omniflow)
2026-02-26 22:18:29 [restartedMain] DEBUG b.c.pc.omniflow.OmniflowApplication - Running with Spring Boot v4.0.3, Spring v7.0.5
2026-02-26 22:18:29 [restartedMain] INFO  b.c.pc.omniflow.OmniflowApplication - The following 1 profile is active: "dev"
2026-02-26 22:18:29 [restartedMain] INFO  o.s.d.r.c.RepositoryConfigurationDelegate - Bootstrapping Spring Data JPA repositories in DEFAULT mode.
2026-02-26 22:18:29 [restartedMain] INFO  o.s.d.r.c.RepositoryConfigurationDelegate - Finished Spring Data repository scanning in 25 ms. Found 14 JPA repository interfaces.
2026-02-26 22:18:29 [restartedMain] INFO  o.s.boot.tomcat.TomcatWebServer - Tomcat initialized with port 8080 (http)
2026-02-26 22:18:29 [restartedMain] INFO  o.a.catalina.core.StandardService - Starting service [Tomcat]
2026-02-26 22:18:29 [restartedMain] INFO  o.a.catalina.core.StandardEngine - Starting Servlet engine: [Apache Tomcat/11.0.18]
2026-02-26 22:18:29 [restartedMain] INFO  o.s.b.w.c.s.WebApplicationContextInitializer - Root WebApplicationContext: initialization completed in 213 ms
2026-02-26 22:18:29 [restartedMain] INFO  org.hibernate.orm.jpa - HHH008540: Processing PersistenceUnitInfo [name: default]
2026-02-26 22:18:29 [restartedMain] INFO  o.s.o.j.p.SpringPersistenceUnitInfo - No LoadTimeWeaver setup: ignoring JPA class transformer
2026-02-26 22:18:29 [restartedMain] INFO  com.zaxxer.hikari.HikariDataSource - HikariPool-28 - Starting...
2026-02-26 22:18:30 [restartedMain] INFO  com.zaxxer.hikari.pool.HikariPool - HikariPool-28 - Added connection org.postgresql.jdbc.PgConnection@7870f332
2026-02-26 22:18:30 [restartedMain] INFO  com.zaxxer.hikari.HikariDataSource - HikariPool-28 - Start completed.
2026-02-26 22:18:30 [restartedMain] WARN  org.hibernate.orm.deprecation - HHH90000025: PostgreSQLDialect does not need to be specified explicitly using 'hibernate.dialect' (remove the property setting and it will be selected by default)
2026-02-26 22:18:30 [restartedMain] INFO  o.hibernate.orm.connections.pooling - HHH10001005: Database info:
	Database JDBC URL [jdbc:postgresql://10.0.1.9:5438/omniflow]
	Database driver: PostgreSQL JDBC Driver
	Database dialect: PostgreSQLDialect
	Database version: 16.2
	Default catalog/schema: omniflow/public
	Autocommit mode: undefined/unknown
	Isolation level: READ_COMMITTED [default READ_COMMITTED]
	JDBC fetch size: none
	Pool: DataSourceConnectionProvider
	Minimum pool size: undefined/unknown
	Maximum pool size: undefined/unknown
2026-02-26 22:18:30 [restartedMain] WARN  org.hibernate.orm.core - HHH000038: Composite id class does not override equals(): br.com.pc.omniflow.domain.model.EstoqueSaldoId
2026-02-26 22:18:30 [restartedMain] INFO  org.hibernate.orm.core - HHH000489: No JTA platform available (set 'hibernate.transaction.jta.platform' to enable JTA platform integration)
2026-02-26 22:18:31 [restartedMain] INFO  o.s.o.j.LocalContainerEntityManagerFactoryBean - Initialized JPA EntityManagerFactory for persistence unit 'default'
2026-02-26 22:18:31 [restartedMain] WARN  o.s.b.j.a.JpaBaseConfiguration$JpaWebConfiguration - spring.jpa.open-in-view is enabled by default. Therefore, database queries may be performed during view rendering. Explicitly configure spring.jpa.open-in-view to disable this warning
2026-02-26 22:18:31 [restartedMain] INFO  o.s.boot.tomcat.TomcatWebServer - Tomcat started on port 8080 (http) with context path '/'
2026-02-26 22:18:31 [restartedMain] INFO  b.c.pc.omniflow.OmniflowApplication - Started OmniflowApplication in 1.816 seconds (process running for 4254.914)
2026-02-26 22:18:31 [restartedMain] INFO  b.c.p.omniflow.service.NfeXmlService - Recebido arquivo para importação: 
2026-02-26 22:18:31 [restartedMain] INFO  b.c.p.omniflow.service.NfeXmlService - Formato de arquivo não suportado: 
2026-02-26 22:18:31 [restartedMain] INFO  o.s.b.d.a.ConditionEvaluationDeltaLoggingListener - Condition evaluation unchanged
2026-02-26 22:23:57 [File Watcher] INFO  o.s.b.d.a.LocalDevToolsAutoConfiguration$RestartingClassPathChangeChangedEventListener - Restarting due to 1 class path change (1 addition, 0 deletions, 0 modifications)
2026-02-26 22:23:57 [Thread-103] INFO  o.s.boot.tomcat.GracefulShutdown - Commencing graceful shutdown. Waiting for active requests to complete
2026-02-26 22:23:57 [tomcat-shutdown] INFO  o.s.boot.tomcat.GracefulShutdown - Graceful shutdown complete
2026-02-26 22:23:57 [Thread-103] INFO  o.s.o.j.LocalContainerEntityManagerFactoryBean - Closing JPA EntityManagerFactory for persistence unit 'default'
2026-02-26 22:23:58 [Thread-103] INFO  com.zaxxer.hikari.HikariDataSource - HikariPool-28 - Shutdown initiated...
2026-02-26 22:23:58 [Thread-103] INFO  com.zaxxer.hikari.HikariDataSource - HikariPool-28 - Shutdown completed.
2026-02-26 22:23:58 [restartedMain] INFO  b.c.pc.omniflow.OmniflowApplication - Starting OmniflowApplication using Java 17.0.15 with PID 1388877 (/home/paulo/Documentos/projetos/omniflow/target/classes started by paulo in /home/paulo/Documentos/projetos/omniflow)
2026-02-26 22:23:58 [restartedMain] DEBUG b.c.pc.omniflow.OmniflowApplication - Running with Spring Boot v4.0.3, Spring v7.0.5
2026-02-26 22:23:58 [restartedMain] INFO  b.c.pc.omniflow.OmniflowApplication - The following 1 profile is active: "dev"
2026-02-26 22:23:58 [restartedMain] INFO  o.s.d.r.c.RepositoryConfigurationDelegate - Bootstrapping Spring Data JPA repositories in DEFAULT mode.
2026-02-26 22:23:58 [restartedMain] INFO  o.s.d.r.c.RepositoryConfigurationDelegate - Finished Spring Data repository scanning in 34 ms. Found 14 JPA repository interfaces.
2026-02-26 22:23:58 [restartedMain] INFO  o.s.boot.tomcat.TomcatWebServer - Tomcat initialized with port 8080 (http)
2026-02-26 22:23:58 [restartedMain] INFO  o.a.catalina.core.StandardService - Starting service [Tomcat]
2026-02-26 22:23:58 [restartedMain] INFO  o.a.catalina.core.StandardEngine - Starting Servlet engine: [Apache Tomcat/11.0.18]
2026-02-26 22:23:58 [restartedMain] INFO  o.s.b.w.c.s.WebApplicationContextInitializer - Root WebApplicationContext: initialization completed in 294 ms
2026-02-26 22:23:58 [restartedMain] INFO  org.hibernate.orm.jpa - HHH008540: Processing PersistenceUnitInfo [name: default]
2026-02-26 22:23:58 [restartedMain] INFO  o.s.o.j.p.SpringPersistenceUnitInfo - No LoadTimeWeaver setup: ignoring JPA class transformer
2026-02-26 22:23:58 [restartedMain] INFO  com.zaxxer.hikari.HikariDataSource - HikariPool-29 - Starting...
2026-02-26 22:23:58 [restartedMain] INFO  com.zaxxer.hikari.pool.HikariPool - HikariPool-29 - Added connection org.postgresql.jdbc.PgConnection@f8fb4d6
2026-02-26 22:23:58 [restartedMain] INFO  com.zaxxer.hikari.HikariDataSource - HikariPool-29 - Start completed.
2026-02-26 22:23:58 [restartedMain] WARN  org.hibernate.orm.deprecation - HHH90000025: PostgreSQLDialect does not need to be specified explicitly using 'hibernate.dialect' (remove the property setting and it will be selected by default)
2026-02-26 22:23:58 [restartedMain] INFO  o.hibernate.orm.connections.pooling - HHH10001005: Database info:
	Database JDBC URL [jdbc:postgresql://10.0.1.9:5438/omniflow]
	Database driver: PostgreSQL JDBC Driver
	Database dialect: PostgreSQLDialect
	Database version: 16.2
	Default catalog/schema: omniflow/public
	Autocommit mode: undefined/unknown
	Isolation level: READ_COMMITTED [default READ_COMMITTED]
	JDBC fetch size: none
	Pool: DataSourceConnectionProvider
	Minimum pool size: undefined/unknown
	Maximum pool size: undefined/unknown
2026-02-26 22:23:58 [restartedMain] WARN  org.hibernate.orm.core - HHH000038: Composite id class does not override equals(): br.com.pc.omniflow.domain.model.EstoqueSaldoId
2026-02-26 22:23:59 [restartedMain] INFO  org.hibernate.orm.core - HHH000489: No JTA platform available (set 'hibernate.transaction.jta.platform' to enable JTA platform integration)
2026-02-26 22:23:59 [restartedMain] INFO  o.s.o.j.LocalContainerEntityManagerFactoryBean - Initialized JPA EntityManagerFactory for persistence unit 'default'
2026-02-26 22:24:00 [restartedMain] WARN  o.s.b.j.a.JpaBaseConfiguration$JpaWebConfiguration - spring.jpa.open-in-view is enabled by default. Therefore, database queries may be performed during view rendering. Explicitly configure spring.jpa.open-in-view to disable this warning
2026-02-26 22:24:00 [restartedMain] INFO  o.s.boot.tomcat.TomcatWebServer - Tomcat started on port 8080 (http) with context path '/'
2026-02-26 22:24:00 [restartedMain] INFO  b.c.pc.omniflow.OmniflowApplication - Started OmniflowApplication in 2.02 seconds (process running for 4583.716)
2026-02-26 22:24:00 [restartedMain] INFO  b.c.p.omniflow.service.NfeXmlService - Recebido arquivo para importação: 
2026-02-26 22:24:00 [restartedMain] INFO  b.c.p.omniflow.service.NfeXmlService - Formato de arquivo não suportado: 
2026-02-26 22:24:00 [restartedMain] INFO  o.s.b.d.a.ConditionEvaluationDeltaLoggingListener - Condition evaluation unchanged
2026-02-26 22:24:08 [File Watcher] INFO  o.s.b.d.a.LocalDevToolsAutoConfiguration$RestartingClassPathChangeChangedEventListener - Restarting due to 1 class path change (0 additions, 0 deletions, 1 modification)
2026-02-26 22:24:08 [Thread-110] INFO  o.s.boot.tomcat.GracefulShutdown - Commencing graceful shutdown. Waiting for active requests to complete
2026-02-26 22:24:08 [tomcat-shutdown] INFO  o.s.boot.tomcat.GracefulShutdown - Graceful shutdown complete
2026-02-26 22:24:08 [Thread-110] INFO  o.s.o.j.LocalContainerEntityManagerFactoryBean - Closing JPA EntityManagerFactory for persistence unit 'default'
2026-02-26 22:24:08 [Thread-110] INFO  com.zaxxer.hikari.HikariDataSource - HikariPool-29 - Shutdown initiated...
2026-02-26 22:24:08 [Thread-110] INFO  com.zaxxer.hikari.HikariDataSource - HikariPool-29 - Shutdown completed.
2026-02-26 22:24:08 [restartedMain] INFO  b.c.pc.omniflow.OmniflowApplication - Starting OmniflowApplication using Java 17.0.15 with PID 1388877 (/home/paulo/Documentos/projetos/omniflow/target/classes started by paulo in /home/paulo/Documentos/projetos/omniflow)
2026-02-26 22:24:08 [restartedMain] DEBUG b.c.pc.omniflow.OmniflowApplication - Running with Spring Boot v4.0.3, Spring v7.0.5
2026-02-26 22:24:08 [restartedMain] INFO  b.c.pc.omniflow.OmniflowApplication - The following 1 profile is active: "dev"
2026-02-26 22:24:08 [restartedMain] INFO  o.s.d.r.c.RepositoryConfigurationDelegate - Bootstrapping Spring Data JPA repositories in DEFAULT mode.
2026-02-26 22:24:08 [restartedMain] INFO  o.s.d.r.c.RepositoryConfigurationDelegate - Finished Spring Data repository scanning in 37 ms. Found 14 JPA repository interfaces.
2026-02-26 22:24:09 [restartedMain] INFO  o.s.boot.tomcat.TomcatWebServer - Tomcat initialized with port 8080 (http)
2026-02-26 22:24:09 [restartedMain] INFO  o.a.catalina.core.StandardService - Starting service [Tomcat]
2026-02-26 22:24:09 [restartedMain] INFO  o.a.catalina.core.StandardEngine - Starting Servlet engine: [Apache Tomcat/11.0.18]
2026-02-26 22:24:09 [restartedMain] INFO  o.s.b.w.c.s.WebApplicationContextInitializer - Root WebApplicationContext: initialization completed in 341 ms
2026-02-26 22:24:09 [restartedMain] INFO  org.hibernate.orm.jpa - HHH008540: Processing PersistenceUnitInfo [name: default]
2026-02-26 22:24:09 [restartedMain] INFO  o.s.o.j.p.SpringPersistenceUnitInfo - No LoadTimeWeaver setup: ignoring JPA class transformer
2026-02-26 22:24:09 [restartedMain] INFO  com.zaxxer.hikari.HikariDataSource - HikariPool-30 - Starting...
2026-02-26 22:24:09 [restartedMain] INFO  com.zaxxer.hikari.pool.HikariPool - HikariPool-30 - Added connection org.postgresql.jdbc.PgConnection@6e8f784d
2026-02-26 22:24:09 [restartedMain] INFO  com.zaxxer.hikari.HikariDataSource - HikariPool-30 - Start completed.
2026-02-26 22:24:09 [restartedMain] WARN  org.hibernate.orm.deprecation - HHH90000025: PostgreSQLDialect does not need to be specified explicitly using 'hibernate.dialect' (remove the property setting and it will be selected by default)
2026-02-26 22:24:09 [restartedMain] INFO  o.hibernate.orm.connections.pooling - HHH10001005: Database info:
	Database JDBC URL [jdbc:postgresql://10.0.1.9:5438/omniflow]
	Database driver: PostgreSQL JDBC Driver
	Database dialect: PostgreSQLDialect
	Database version: 16.2
	Default catalog/schema: omniflow/public
	Autocommit mode: undefined/unknown
	Isolation level: READ_COMMITTED [default READ_COMMITTED]
	JDBC fetch size: none
	Pool: DataSourceConnectionProvider
	Minimum pool size: undefined/unknown
	Maximum pool size: undefined/unknown
2026-02-26 22:24:09 [restartedMain] WARN  org.hibernate.orm.core - HHH000038: Composite id class does not override equals(): br.com.pc.omniflow.domain.model.EstoqueSaldoId
2026-02-26 22:24:09 [restartedMain] INFO  org.hibernate.orm.core - HHH000489: No JTA platform available (set 'hibernate.transaction.jta.platform' to enable JTA platform integration)
2026-02-26 22:24:10 [restartedMain] INFO  o.s.o.j.LocalContainerEntityManagerFactoryBean - Initialized JPA EntityManagerFactory for persistence unit 'default'
2026-02-26 22:24:10 [restartedMain] WARN  o.s.b.j.a.JpaBaseConfiguration$JpaWebConfiguration - spring.jpa.open-in-view is enabled by default. Therefore, database queries may be performed during view rendering. Explicitly configure spring.jpa.open-in-view to disable this warning
2026-02-26 22:24:11 [restartedMain] INFO  o.s.boot.tomcat.TomcatWebServer - Tomcat started on port 8080 (http) with context path '/'
2026-02-26 22:24:11 [restartedMain] INFO  b.c.pc.omniflow.OmniflowApplication - Started OmniflowApplication in 2.475 seconds (process running for 4594.598)
2026-02-26 22:24:11 [restartedMain] INFO  b.c.p.omniflow.service.NfeXmlService - Recebido arquivo para importação: 
2026-02-26 22:24:11 [restartedMain] INFO  b.c.p.omniflow.service.NfeXmlService - Formato de arquivo não suportado: 
2026-02-26 22:24:11 [restartedMain] INFO  o.s.b.d.a.ConditionEvaluationDeltaLoggingListener - Condition evaluation unchanged
2026-02-26 22:24:20 [File Watcher] INFO  o.s.b.d.a.LocalDevToolsAutoConfiguration$RestartingClassPathChangeChangedEventListener - Restarting due to 1 class path change (0 additions, 1 deletion, 0 modifications)
2026-02-26 22:24:20 [Thread-114] INFO  o.s.boot.tomcat.GracefulShutdown - Commencing graceful shutdown. Waiting for active requests to complete
2026-02-26 22:24:20 [tomcat-shutdown] INFO  o.s.boot.tomcat.GracefulShutdown - Graceful shutdown complete
2026-02-26 22:24:20 [Thread-114] INFO  o.s.o.j.LocalContainerEntityManagerFactoryBean - Closing JPA EntityManagerFactory for persistence unit 'default'
2026-02-26 22:24:21 [Thread-114] INFO  com.zaxxer.hikari.HikariDataSource - HikariPool-30 - Shutdown initiated...
2026-02-26 22:24:21 [Thread-114] INFO  com.zaxxer.hikari.HikariDataSource - HikariPool-30 - Shutdown completed.
2026-02-26 22:24:21 [restartedMain] INFO  b.c.pc.omniflow.OmniflowApplication - Starting OmniflowApplication using Java 17.0.15 with PID 1388877 (/home/paulo/Documentos/projetos/omniflow/target/classes started by paulo in /home/paulo/Documentos/projetos/omniflow)
2026-02-26 22:24:21 [restartedMain] DEBUG b.c.pc.omniflow.OmniflowApplication - Running with Spring Boot v4.0.3, Spring v7.0.5
2026-02-26 22:24:21 [restartedMain] INFO  b.c.pc.omniflow.OmniflowApplication - The following 1 profile is active: "dev"
2026-02-26 22:24:21 [restartedMain] INFO  o.s.d.r.c.RepositoryConfigurationDelegate - Bootstrapping Spring Data JPA repositories in DEFAULT mode.
2026-02-26 22:24:21 [restartedMain] INFO  o.s.d.r.c.RepositoryConfigurationDelegate - Finished Spring Data repository scanning in 33 ms. Found 14 JPA repository interfaces.
2026-02-26 22:24:21 [restartedMain] INFO  o.s.boot.tomcat.TomcatWebServer - Tomcat initialized with port 8080 (http)
2026-02-26 22:24:21 [restartedMain] INFO  o.a.catalina.core.StandardService - Starting service [Tomcat]
2026-02-26 22:24:21 [restartedMain] INFO  o.a.catalina.core.StandardEngine - Starting Servlet engine: [Apache Tomcat/11.0.18]
2026-02-26 22:24:21 [restartedMain] INFO  o.s.b.w.c.s.WebApplicationContextInitializer - Root WebApplicationContext: initialization completed in 327 ms
2026-02-26 22:24:21 [restartedMain] INFO  org.hibernate.orm.jpa - HHH008540: Processing PersistenceUnitInfo [name: default]
2026-02-26 22:24:21 [restartedMain] INFO  o.s.o.j.p.SpringPersistenceUnitInfo - No LoadTimeWeaver setup: ignoring JPA class transformer
2026-02-26 22:24:21 [restartedMain] INFO  com.zaxxer.hikari.HikariDataSource - HikariPool-31 - Starting...
2026-02-26 22:24:21 [restartedMain] INFO  com.zaxxer.hikari.pool.HikariPool - HikariPool-31 - Added connection org.postgresql.jdbc.PgConnection@7425bd52
2026-02-26 22:24:21 [restartedMain] INFO  com.zaxxer.hikari.HikariDataSource - HikariPool-31 - Start completed.
2026-02-26 22:24:21 [restartedMain] WARN  org.hibernate.orm.deprecation - HHH90000025: PostgreSQLDialect does not need to be specified explicitly using 'hibernate.dialect' (remove the property setting and it will be selected by default)
2026-02-26 22:24:21 [restartedMain] INFO  o.hibernate.orm.connections.pooling - HHH10001005: Database info:
	Database JDBC URL [jdbc:postgresql://10.0.1.9:5438/omniflow]
	Database driver: PostgreSQL JDBC Driver
	Database dialect: PostgreSQLDialect
	Database version: 16.2
	Default catalog/schema: omniflow/public
	Autocommit mode: undefined/unknown
	Isolation level: READ_COMMITTED [default READ_COMMITTED]
	JDBC fetch size: none
	Pool: DataSourceConnectionProvider
	Minimum pool size: undefined/unknown
	Maximum pool size: undefined/unknown
2026-02-26 22:24:21 [restartedMain] WARN  org.hibernate.orm.core - HHH000038: Composite id class does not override equals(): br.com.pc.omniflow.domain.model.EstoqueSaldoId
2026-02-26 22:24:22 [restartedMain] INFO  org.hibernate.orm.core - HHH000489: No JTA platform available (set 'hibernate.transaction.jta.platform' to enable JTA platform integration)
2026-02-26 22:24:22 [restartedMain] INFO  o.s.o.j.LocalContainerEntityManagerFactoryBean - Initialized JPA EntityManagerFactory for persistence unit 'default'
2026-02-26 22:24:23 [restartedMain] WARN  o.s.b.j.a.JpaBaseConfiguration$JpaWebConfiguration - spring.jpa.open-in-view is enabled by default. Therefore, database queries may be performed during view rendering. Explicitly configure spring.jpa.open-in-view to disable this warning
2026-02-26 22:24:23 [restartedMain] INFO  o.s.boot.tomcat.TomcatWebServer - Tomcat started on port 8080 (http) with context path '/'
2026-02-26 22:24:23 [restartedMain] INFO  b.c.pc.omniflow.OmniflowApplication - Started OmniflowApplication in 1.973 seconds (process running for 4606.653)
2026-02-26 22:24:23 [restartedMain] INFO  b.c.p.omniflow.service.NfeXmlService - Recebido arquivo para importação: 
2026-02-26 22:24:23 [restartedMain] INFO  b.c.p.omniflow.service.NfeXmlService - Formato de arquivo não suportado: 
2026-02-26 22:24:23 [restartedMain] INFO  o.s.b.d.a.ConditionEvaluationDeltaLoggingListener - Condition evaluation unchanged
2026-02-26 22:24:37 [File Watcher] INFO  o.s.b.d.a.LocalDevToolsAutoConfiguration$RestartingClassPathChangeChangedEventListener - Restarting due to 2 class path changes (2 additions, 0 deletions, 0 modifications)
2026-02-26 22:24:37 [Thread-118] INFO  o.s.boot.tomcat.GracefulShutdown - Commencing graceful shutdown. Waiting for active requests to complete
2026-02-26 22:24:37 [tomcat-shutdown] INFO  o.s.boot.tomcat.GracefulShutdown - Graceful shutdown complete
2026-02-26 22:24:37 [Thread-118] INFO  o.s.o.j.LocalContainerEntityManagerFactoryBean - Closing JPA EntityManagerFactory for persistence unit 'default'
2026-02-26 22:24:38 [Thread-118] INFO  com.zaxxer.hikari.HikariDataSource - HikariPool-31 - Shutdown initiated...
2026-02-26 22:24:38 [Thread-118] INFO  com.zaxxer.hikari.HikariDataSource - HikariPool-31 - Shutdown completed.
2026-02-26 22:24:38 [restartedMain] INFO  b.c.pc.omniflow.OmniflowApplication - Starting OmniflowApplication using Java 17.0.15 with PID 1388877 (/home/paulo/Documentos/projetos/omniflow/target/classes started by paulo in /home/paulo/Documentos/projetos/omniflow)
2026-02-26 22:24:38 [restartedMain] DEBUG b.c.pc.omniflow.OmniflowApplication - Running with Spring Boot v4.0.3, Spring v7.0.5
2026-02-26 22:24:38 [restartedMain] INFO  b.c.pc.omniflow.OmniflowApplication - The following 1 profile is active: "dev"
2026-02-26 22:24:38 [restartedMain] INFO  o.s.d.r.c.RepositoryConfigurationDelegate - Bootstrapping Spring Data JPA repositories in DEFAULT mode.
2026-02-26 22:24:38 [restartedMain] INFO  o.s.d.r.c.RepositoryConfigurationDelegate - Finished Spring Data repository scanning in 86 ms. Found 14 JPA repository interfaces.
2026-02-26 22:24:38 [restartedMain] INFO  o.s.boot.tomcat.TomcatWebServer - Tomcat initialized with port 8080 (http)
2026-02-26 22:24:38 [restartedMain] INFO  o.a.catalina.core.StandardService - Starting service [Tomcat]
2026-02-26 22:24:38 [restartedMain] INFO  o.a.catalina.core.StandardEngine - Starting Servlet engine: [Apache Tomcat/11.0.18]
2026-02-26 22:24:38 [restartedMain] INFO  o.s.b.w.c.s.WebApplicationContextInitializer - Root WebApplicationContext: initialization completed in 430 ms
2026-02-26 22:24:38 [restartedMain] INFO  org.hibernate.orm.jpa - HHH008540: Processing PersistenceUnitInfo [name: default]
2026-02-26 22:24:38 [restartedMain] INFO  o.s.o.j.p.SpringPersistenceUnitInfo - No LoadTimeWeaver setup: ignoring JPA class transformer
2026-02-26 22:24:38 [restartedMain] INFO  com.zaxxer.hikari.HikariDataSource - HikariPool-32 - Starting...
2026-02-26 22:24:38 [restartedMain] INFO  com.zaxxer.hikari.pool.HikariPool - HikariPool-32 - Added connection org.postgresql.jdbc.PgConnection@660ee6ba
2026-02-26 22:24:38 [restartedMain] INFO  com.zaxxer.hikari.HikariDataSource - HikariPool-32 - Start completed.
2026-02-26 22:24:38 [restartedMain] WARN  org.hibernate.orm.deprecation - HHH90000025: PostgreSQLDialect does not need to be specified explicitly using 'hibernate.dialect' (remove the property setting and it will be selected by default)
2026-02-26 22:24:38 [restartedMain] INFO  o.hibernate.orm.connections.pooling - HHH10001005: Database info:
	Database JDBC URL [jdbc:postgresql://10.0.1.9:5438/omniflow]
	Database driver: PostgreSQL JDBC Driver
	Database dialect: PostgreSQLDialect
	Database version: 16.2
	Default catalog/schema: omniflow/public
	Autocommit mode: undefined/unknown
	Isolation level: READ_COMMITTED [default READ_COMMITTED]
	JDBC fetch size: none
	Pool: DataSourceConnectionProvider
	Minimum pool size: undefined/unknown
	Maximum pool size: undefined/unknown
2026-02-26 22:24:39 [restartedMain] WARN  org.hibernate.orm.core - HHH000038: Composite id class does not override equals(): br.com.pc.omniflow.domain.model.EstoqueSaldoId
2026-02-26 22:24:39 [restartedMain] INFO  org.hibernate.orm.core - HHH000489: No JTA platform available (set 'hibernate.transaction.jta.platform' to enable JTA platform integration)
2026-02-26 22:24:40 [restartedMain] INFO  o.s.o.j.LocalContainerEntityManagerFactoryBean - Initialized JPA EntityManagerFactory for persistence unit 'default'
2026-02-26 22:24:40 [restartedMain] WARN  o.s.b.j.a.JpaBaseConfiguration$JpaWebConfiguration - spring.jpa.open-in-view is enabled by default. Therefore, database queries may be performed during view rendering. Explicitly configure spring.jpa.open-in-view to disable this warning
2026-02-26 22:24:40 [restartedMain] INFO  o.s.boot.tomcat.TomcatWebServer - Tomcat started on port 8080 (http) with context path '/'
2026-02-26 22:24:40 [restartedMain] INFO  b.c.pc.omniflow.OmniflowApplication - Started OmniflowApplication in 2.16 seconds (process running for 4623.883)
2026-02-26 22:24:40 [restartedMain] INFO  b.c.p.omniflow.service.NfeXmlService - Recebido arquivo para importação: 
2026-02-26 22:24:40 [restartedMain] INFO  b.c.p.omniflow.service.NfeXmlService - Formato de arquivo não suportado: 
2026-02-26 22:24:40 [restartedMain] INFO  o.s.b.d.a.ConditionEvaluationDeltaLoggingListener - Condition evaluation unchanged
2026-02-26 22:24:57 [File Watcher] INFO  o.s.b.d.a.LocalDevToolsAutoConfiguration$RestartingClassPathChangeChangedEventListener - Restarting due to 2 class path changes (1 addition, 0 deletions, 1 modification)
2026-02-26 22:24:57 [Thread-122] INFO  o.s.boot.tomcat.GracefulShutdown - Commencing graceful shutdown. Waiting for active requests to complete
2026-02-26 22:24:57 [tomcat-shutdown] INFO  o.s.boot.tomcat.GracefulShutdown - Graceful shutdown complete
2026-02-26 22:24:57 [Thread-122] INFO  o.s.o.j.LocalContainerEntityManagerFactoryBean - Closing JPA EntityManagerFactory for persistence unit 'default'
2026-02-26 22:24:57 [Thread-122] INFO  com.zaxxer.hikari.HikariDataSource - HikariPool-32 - Shutdown initiated...
2026-02-26 22:24:57 [Thread-122] INFO  com.zaxxer.hikari.HikariDataSource - HikariPool-32 - Shutdown completed.
2026-02-26 22:24:57 [restartedMain] INFO  b.c.pc.omniflow.OmniflowApplication - Starting OmniflowApplication using Java 17.0.15 with PID 1388877 (/home/paulo/Documentos/projetos/omniflow/target/classes started by paulo in /home/paulo/Documentos/projetos/omniflow)
2026-02-26 22:24:57 [restartedMain] DEBUG b.c.pc.omniflow.OmniflowApplication - Running with Spring Boot v4.0.3, Spring v7.0.5
2026-02-26 22:24:57 [restartedMain] INFO  b.c.pc.omniflow.OmniflowApplication - The following 1 profile is active: "dev"
2026-02-26 22:24:58 [restartedMain] INFO  o.s.d.r.c.RepositoryConfigurationDelegate - Bootstrapping Spring Data JPA repositories in DEFAULT mode.
2026-02-26 22:24:58 [restartedMain] INFO  o.s.d.r.c.RepositoryConfigurationDelegate - Finished Spring Data repository scanning in 50 ms. Found 14 JPA repository interfaces.
2026-02-26 22:24:58 [restartedMain] INFO  o.s.boot.tomcat.TomcatWebServer - Tomcat initialized with port 8080 (http)
2026-02-26 22:24:58 [restartedMain] INFO  o.a.catalina.core.StandardService - Starting service [Tomcat]
2026-02-26 22:24:58 [restartedMain] INFO  o.a.catalina.core.StandardEngine - Starting Servlet engine: [Apache Tomcat/11.0.18]
2026-02-26 22:24:58 [restartedMain] INFO  o.s.b.w.c.s.WebApplicationContextInitializer - Root WebApplicationContext: initialization completed in 311 ms
2026-02-26 22:24:58 [restartedMain] INFO  org.hibernate.orm.jpa - HHH008540: Processing PersistenceUnitInfo [name: default]
2026-02-26 22:24:58 [restartedMain] INFO  o.s.o.j.p.SpringPersistenceUnitInfo - No LoadTimeWeaver setup: ignoring JPA class transformer
2026-02-26 22:24:58 [restartedMain] INFO  com.zaxxer.hikari.HikariDataSource - HikariPool-33 - Starting...
2026-02-26 22:24:58 [restartedMain] INFO  com.zaxxer.hikari.pool.HikariPool - HikariPool-33 - Added connection org.postgresql.jdbc.PgConnection@6d8f4cfb
2026-02-26 22:24:58 [restartedMain] INFO  com.zaxxer.hikari.HikariDataSource - HikariPool-33 - Start completed.
2026-02-26 22:24:58 [restartedMain] WARN  org.hibernate.orm.deprecation - HHH90000025: PostgreSQLDialect does not need to be specified explicitly using 'hibernate.dialect' (remove the property setting and it will be selected by default)
2026-02-26 22:24:58 [restartedMain] INFO  o.hibernate.orm.connections.pooling - HHH10001005: Database info:
	Database JDBC URL [jdbc:postgresql://10.0.1.9:5438/omniflow]
	Database driver: PostgreSQL JDBC Driver
	Database dialect: PostgreSQLDialect
	Database version: 16.2
	Default catalog/schema: omniflow/public
	Autocommit mode: undefined/unknown
	Isolation level: READ_COMMITTED [default READ_COMMITTED]
	JDBC fetch size: none
	Pool: DataSourceConnectionProvider
	Minimum pool size: undefined/unknown
	Maximum pool size: undefined/unknown
2026-02-26 22:24:58 [restartedMain] WARN  org.hibernate.orm.core - HHH000038: Composite id class does not override equals(): br.com.pc.omniflow.domain.model.EstoqueSaldoId
2026-02-26 22:24:58 [restartedMain] INFO  org.hibernate.orm.core - HHH000489: No JTA platform available (set 'hibernate.transaction.jta.platform' to enable JTA platform integration)
2026-02-26 22:24:59 [restartedMain] INFO  o.s.o.j.LocalContainerEntityManagerFactoryBean - Initialized JPA EntityManagerFactory for persistence unit 'default'
2026-02-26 22:24:59 [restartedMain] WARN  o.s.b.j.a.JpaBaseConfiguration$JpaWebConfiguration - spring.jpa.open-in-view is enabled by default. Therefore, database queries may be performed during view rendering. Explicitly configure spring.jpa.open-in-view to disable this warning
2026-02-26 22:24:59 [restartedMain] INFO  o.s.boot.tomcat.TomcatWebServer - Tomcat started on port 8080 (http) with context path '/'
2026-02-26 22:24:59 [restartedMain] INFO  b.c.pc.omniflow.OmniflowApplication - Started OmniflowApplication in 1.905 seconds (process running for 4643.213)
2026-02-26 22:24:59 [restartedMain] INFO  b.c.p.omniflow.service.NfeXmlService - Recebido arquivo para importação: 
2026-02-26 22:24:59 [restartedMain] INFO  b.c.p.omniflow.service.NfeXmlService - Formato de arquivo não suportado: 
2026-02-26 22:24:59 [restartedMain] INFO  o.s.b.d.a.ConditionEvaluationDeltaLoggingListener - Condition evaluation unchanged
2026-02-26 22:25:08 [File Watcher] INFO  o.s.b.d.a.LocalDevToolsAutoConfiguration$RestartingClassPathChangeChangedEventListener - Restarting due to 1 class path change (0 additions, 1 deletion, 0 modifications)
2026-02-26 22:25:08 [Thread-126] INFO  o.s.boot.tomcat.GracefulShutdown - Commencing graceful shutdown. Waiting for active requests to complete
2026-02-26 22:25:08 [tomcat-shutdown] INFO  o.s.boot.tomcat.GracefulShutdown - Graceful shutdown complete
2026-02-26 22:25:08 [Thread-126] INFO  o.s.o.j.LocalContainerEntityManagerFactoryBean - Closing JPA EntityManagerFactory for persistence unit 'default'
2026-02-26 22:25:08 [Thread-126] INFO  com.zaxxer.hikari.HikariDataSource - HikariPool-33 - Shutdown initiated...
2026-02-26 22:25:08 [Thread-126] INFO  com.zaxxer.hikari.HikariDataSource - HikariPool-33 - Shutdown completed.
2026-02-26 22:25:08 [restartedMain] INFO  b.c.pc.omniflow.OmniflowApplication - Starting OmniflowApplication using Java 17.0.15 with PID 1388877 (/home/paulo/Documentos/projetos/omniflow/target/classes started by paulo in /home/paulo/Documentos/projetos/omniflow)
2026-02-26 22:25:08 [restartedMain] DEBUG b.c.pc.omniflow.OmniflowApplication - Running with Spring Boot v4.0.3, Spring v7.0.5
2026-02-26 22:25:08 [restartedMain] INFO  b.c.pc.omniflow.OmniflowApplication - The following 1 profile is active: "dev"
2026-02-26 22:25:08 [restartedMain] INFO  o.s.d.r.c.RepositoryConfigurationDelegate - Bootstrapping Spring Data JPA repositories in DEFAULT mode.
2026-02-26 22:25:08 [restartedMain] INFO  o.s.d.r.c.RepositoryConfigurationDelegate - Finished Spring Data repository scanning in 32 ms. Found 14 JPA repository interfaces.
2026-02-26 22:25:09 [restartedMain] INFO  o.s.boot.tomcat.TomcatWebServer - Tomcat initialized with port 8080 (http)
2026-02-26 22:25:09 [restartedMain] INFO  o.a.catalina.core.StandardService - Starting service [Tomcat]
2026-02-26 22:25:09 [restartedMain] INFO  o.a.catalina.core.StandardEngine - Starting Servlet engine: [Apache Tomcat/11.0.18]
2026-02-26 22:25:09 [restartedMain] INFO  o.s.b.w.c.s.WebApplicationContextInitializer - Root WebApplicationContext: initialization completed in 338 ms
2026-02-26 22:25:09 [restartedMain] INFO  org.hibernate.orm.jpa - HHH008540: Processing PersistenceUnitInfo [name: default]
2026-02-26 22:25:09 [restartedMain] INFO  o.s.o.j.p.SpringPersistenceUnitInfo - No LoadTimeWeaver setup: ignoring JPA class transformer
2026-02-26 22:25:09 [restartedMain] INFO  com.zaxxer.hikari.HikariDataSource - HikariPool-34 - Starting...
2026-02-26 22:25:09 [restartedMain] INFO  com.zaxxer.hikari.pool.HikariPool - HikariPool-34 - Added connection org.postgresql.jdbc.PgConnection@7b380664
2026-02-26 22:25:09 [restartedMain] INFO  com.zaxxer.hikari.HikariDataSource - HikariPool-34 - Start completed.
2026-02-26 22:25:09 [restartedMain] WARN  org.hibernate.orm.deprecation - HHH90000025: PostgreSQLDialect does not need to be specified explicitly using 'hibernate.dialect' (remove the property setting and it will be selected by default)
2026-02-26 22:25:09 [restartedMain] INFO  o.hibernate.orm.connections.pooling - HHH10001005: Database info:
	Database JDBC URL [jdbc:postgresql://10.0.1.9:5438/omniflow]
	Database driver: PostgreSQL JDBC Driver
	Database dialect: PostgreSQLDialect
	Database version: 16.2
	Default catalog/schema: omniflow/public
	Autocommit mode: undefined/unknown
	Isolation level: READ_COMMITTED [default READ_COMMITTED]
	JDBC fetch size: none
	Pool: DataSourceConnectionProvider
	Minimum pool size: undefined/unknown
	Maximum pool size: undefined/unknown
2026-02-26 22:25:09 [restartedMain] WARN  org.hibernate.orm.core - HHH000038: Composite id class does not override equals(): br.com.pc.omniflow.domain.model.EstoqueSaldoId
2026-02-26 22:25:09 [restartedMain] INFO  org.hibernate.orm.core - HHH000489: No JTA platform available (set 'hibernate.transaction.jta.platform' to enable JTA platform integration)
2026-02-26 22:25:10 [restartedMain] INFO  o.s.o.j.LocalContainerEntityManagerFactoryBean - Initialized JPA EntityManagerFactory for persistence unit 'default'
2026-02-26 22:25:10 [restartedMain] WARN  o.s.b.j.a.JpaBaseConfiguration$JpaWebConfiguration - spring.jpa.open-in-view is enabled by default. Therefore, database queries may be performed during view rendering. Explicitly configure spring.jpa.open-in-view to disable this warning
2026-02-26 22:25:10 [restartedMain] INFO  o.s.boot.tomcat.TomcatWebServer - Tomcat started on port 8080 (http) with context path '/'
2026-02-26 22:25:10 [restartedMain] INFO  b.c.pc.omniflow.OmniflowApplication - Started OmniflowApplication in 2.215 seconds (process running for 4654.431)
2026-02-26 22:25:10 [restartedMain] INFO  b.c.p.omniflow.service.NfeXmlService - Recebido arquivo para importação: 
2026-02-26 22:25:10 [restartedMain] INFO  b.c.p.omniflow.service.NfeXmlService - Formato de arquivo não suportado: 
2026-02-26 22:25:10 [restartedMain] INFO  o.s.b.d.a.ConditionEvaluationDeltaLoggingListener - Condition evaluation unchanged
2026-02-26 22:31:51 [File Watcher] INFO  o.s.b.d.a.LocalDevToolsAutoConfiguration$RestartingClassPathChangeChangedEventListener - Restarting due to 1 class path change (0 additions, 1 deletion, 0 modifications)
2026-02-26 22:31:51 [Thread-130] INFO  o.s.boot.tomcat.GracefulShutdown - Commencing graceful shutdown. Waiting for active requests to complete
2026-02-26 22:31:51 [tomcat-shutdown] INFO  o.s.boot.tomcat.GracefulShutdown - Graceful shutdown complete
2026-02-26 22:31:51 [Thread-130] INFO  o.s.o.j.LocalContainerEntityManagerFactoryBean - Closing JPA EntityManagerFactory for persistence unit 'default'
2026-02-26 22:31:51 [Thread-130] INFO  com.zaxxer.hikari.HikariDataSource - HikariPool-34 - Shutdown initiated...
2026-02-26 22:31:51 [Thread-130] INFO  com.zaxxer.hikari.HikariDataSource - HikariPool-34 - Shutdown completed.
2026-02-26 22:31:52 [restartedMain] INFO  b.c.pc.omniflow.OmniflowApplication - Starting OmniflowApplication using Java 17.0.15 with PID 1388877 (/home/paulo/Documentos/projetos/omniflow/target/classes started by paulo in /home/paulo/Documentos/projetos/omniflow)
2026-02-26 22:31:52 [restartedMain] DEBUG b.c.pc.omniflow.OmniflowApplication - Running with Spring Boot v4.0.3, Spring v7.0.5
2026-02-26 22:31:52 [restartedMain] INFO  b.c.pc.omniflow.OmniflowApplication - The following 1 profile is active: "dev"
2026-02-26 22:31:52 [restartedMain] INFO  o.s.d.r.c.RepositoryConfigurationDelegate - Bootstrapping Spring Data JPA repositories in DEFAULT mode.
2026-02-26 22:31:52 [restartedMain] INFO  o.s.d.r.c.RepositoryConfigurationDelegate - Finished Spring Data repository scanning in 33 ms. Found 14 JPA repository interfaces.
2026-02-26 22:31:52 [restartedMain] INFO  o.s.boot.tomcat.TomcatWebServer - Tomcat initialized with port 8080 (http)
2026-02-26 22:31:52 [restartedMain] INFO  o.a.catalina.core.StandardService - Starting service [Tomcat]
2026-02-26 22:31:52 [restartedMain] INFO  o.a.catalina.core.StandardEngine - Starting Servlet engine: [Apache Tomcat/11.0.18]
2026-02-26 22:31:52 [restartedMain] INFO  o.s.b.w.c.s.WebApplicationContextInitializer - Root WebApplicationContext: initialization completed in 289 ms
2026-02-26 22:31:52 [restartedMain] INFO  org.hibernate.orm.jpa - HHH008540: Processing PersistenceUnitInfo [name: default]
2026-02-26 22:31:52 [restartedMain] INFO  o.s.o.j.p.SpringPersistenceUnitInfo - No LoadTimeWeaver setup: ignoring JPA class transformer
2026-02-26 22:31:52 [restartedMain] INFO  com.zaxxer.hikari.HikariDataSource - HikariPool-35 - Starting...
2026-02-26 22:31:52 [restartedMain] INFO  com.zaxxer.hikari.pool.HikariPool - HikariPool-35 - Added connection org.postgresql.jdbc.PgConnection@7bf94371
2026-02-26 22:31:52 [restartedMain] INFO  com.zaxxer.hikari.HikariDataSource - HikariPool-35 - Start completed.
2026-02-26 22:31:52 [restartedMain] WARN  org.hibernate.orm.deprecation - HHH90000025: PostgreSQLDialect does not need to be specified explicitly using 'hibernate.dialect' (remove the property setting and it will be selected by default)
2026-02-26 22:31:52 [restartedMain] INFO  o.hibernate.orm.connections.pooling - HHH10001005: Database info:
	Database JDBC URL [jdbc:postgresql://10.0.1.9:5438/omniflow]
	Database driver: PostgreSQL JDBC Driver
	Database dialect: PostgreSQLDialect
	Database version: 16.2
	Default catalog/schema: omniflow/public
	Autocommit mode: undefined/unknown
	Isolation level: READ_COMMITTED [default READ_COMMITTED]
	JDBC fetch size: none
	Pool: DataSourceConnectionProvider
	Minimum pool size: undefined/unknown
	Maximum pool size: undefined/unknown
2026-02-26 22:31:52 [restartedMain] WARN  org.hibernate.orm.core - HHH000038: Composite id class does not override equals(): br.com.pc.omniflow.domain.model.EstoqueSaldoId
2026-02-26 22:31:52 [restartedMain] INFO  org.hibernate.orm.core - HHH000489: No JTA platform available (set 'hibernate.transaction.jta.platform' to enable JTA platform integration)
2026-02-26 22:31:53 [restartedMain] INFO  o.s.o.j.LocalContainerEntityManagerFactoryBean - Initialized JPA EntityManagerFactory for persistence unit 'default'
2026-02-26 22:31:53 [restartedMain] WARN  o.s.b.j.a.JpaBaseConfiguration$JpaWebConfiguration - spring.jpa.open-in-view is enabled by default. Therefore, database queries may be performed during view rendering. Explicitly configure spring.jpa.open-in-view to disable this warning
2026-02-26 22:31:53 [restartedMain] INFO  o.s.boot.tomcat.TomcatWebServer - Tomcat started on port 8080 (http) with context path '/'
2026-02-26 22:31:53 [restartedMain] INFO  b.c.pc.omniflow.OmniflowApplication - Started OmniflowApplication in 2.001 seconds (process running for 5057.448)
2026-02-26 22:31:54 [restartedMain] INFO  b.c.p.omniflow.service.NfeXmlService - Recebido arquivo para importação: 
2026-02-26 22:31:54 [restartedMain] INFO  b.c.p.omniflow.service.NfeXmlService - Formato de arquivo não suportado: 
2026-02-26 22:31:54 [restartedMain] INFO  o.s.b.d.a.ConditionEvaluationDeltaLoggingListener - Condition evaluation unchanged
2026-02-26 22:32:11 [File Watcher] INFO  o.s.b.d.a.LocalDevToolsAutoConfiguration$RestartingClassPathChangeChangedEventListener - Restarting due to 6 class path changes (6 additions, 0 deletions, 0 modifications)
2026-02-26 22:32:11 [Thread-134] INFO  o.s.boot.tomcat.GracefulShutdown - Commencing graceful shutdown. Waiting for active requests to complete
2026-02-26 22:32:11 [tomcat-shutdown] INFO  o.s.boot.tomcat.GracefulShutdown - Graceful shutdown complete
2026-02-26 22:32:11 [Thread-134] INFO  o.s.o.j.LocalContainerEntityManagerFactoryBean - Closing JPA EntityManagerFactory for persistence unit 'default'
2026-02-26 22:32:11 [Thread-134] INFO  com.zaxxer.hikari.HikariDataSource - HikariPool-35 - Shutdown initiated...
2026-02-26 22:32:11 [Thread-134] INFO  com.zaxxer.hikari.HikariDataSource - HikariPool-35 - Shutdown completed.
2026-02-26 22:32:12 [restartedMain] INFO  b.c.pc.omniflow.OmniflowApplication - Starting OmniflowApplication using Java 17.0.15 with PID 1388877 (/home/paulo/Documentos/projetos/omniflow/target/classes started by paulo in /home/paulo/Documentos/projetos/omniflow)
2026-02-26 22:32:12 [restartedMain] DEBUG b.c.pc.omniflow.OmniflowApplication - Running with Spring Boot v4.0.3, Spring v7.0.5
2026-02-26 22:32:12 [restartedMain] INFO  b.c.pc.omniflow.OmniflowApplication - The following 1 profile is active: "dev"
2026-02-26 22:32:12 [restartedMain] INFO  o.s.d.r.c.RepositoryConfigurationDelegate - Bootstrapping Spring Data JPA repositories in DEFAULT mode.
2026-02-26 22:32:12 [restartedMain] INFO  o.s.d.r.c.RepositoryConfigurationDelegate - Finished Spring Data repository scanning in 35 ms. Found 14 JPA repository interfaces.
2026-02-26 22:32:12 [restartedMain] INFO  o.s.boot.tomcat.TomcatWebServer - Tomcat initialized with port 8080 (http)
2026-02-26 22:32:12 [restartedMain] INFO  o.a.catalina.core.StandardService - Starting service [Tomcat]
2026-02-26 22:32:12 [restartedMain] INFO  o.a.catalina.core.StandardEngine - Starting Servlet engine: [Apache Tomcat/11.0.18]
2026-02-26 22:32:12 [restartedMain] INFO  o.s.b.w.c.s.WebApplicationContextInitializer - Root WebApplicationContext: initialization completed in 278 ms
2026-02-26 22:32:12 [restartedMain] INFO  org.hibernate.orm.jpa - HHH008540: Processing PersistenceUnitInfo [name: default]
2026-02-26 22:32:12 [restartedMain] INFO  o.s.o.j.p.SpringPersistenceUnitInfo - No LoadTimeWeaver setup: ignoring JPA class transformer
2026-02-26 22:32:12 [restartedMain] INFO  com.zaxxer.hikari.HikariDataSource - HikariPool-36 - Starting...
2026-02-26 22:32:12 [restartedMain] INFO  com.zaxxer.hikari.pool.HikariPool - HikariPool-36 - Added connection org.postgresql.jdbc.PgConnection@3f6d2278
2026-02-26 22:32:12 [restartedMain] INFO  com.zaxxer.hikari.HikariDataSource - HikariPool-36 - Start completed.
2026-02-26 22:32:12 [restartedMain] WARN  org.hibernate.orm.deprecation - HHH90000025: PostgreSQLDialect does not need to be specified explicitly using 'hibernate.dialect' (remove the property setting and it will be selected by default)
2026-02-26 22:32:12 [restartedMain] INFO  o.hibernate.orm.connections.pooling - HHH10001005: Database info:
	Database JDBC URL [jdbc:postgresql://10.0.1.9:5438/omniflow]
	Database driver: PostgreSQL JDBC Driver
	Database dialect: PostgreSQLDialect
	Database version: 16.2
	Default catalog/schema: omniflow/public
	Autocommit mode: undefined/unknown
	Isolation level: READ_COMMITTED [default READ_COMMITTED]
	JDBC fetch size: none
	Pool: DataSourceConnectionProvider
	Minimum pool size: undefined/unknown
	Maximum pool size: undefined/unknown
2026-02-26 22:32:12 [restartedMain] WARN  org.hibernate.orm.core - HHH000038: Composite id class does not override equals(): br.com.pc.omniflow.domain.model.EstoqueSaldoId
2026-02-26 22:32:12 [restartedMain] INFO  org.hibernate.orm.core - HHH000489: No JTA platform available (set 'hibernate.transaction.jta.platform' to enable JTA platform integration)
2026-02-26 22:32:13 [restartedMain] INFO  o.s.o.j.LocalContainerEntityManagerFactoryBean - Initialized JPA EntityManagerFactory for persistence unit 'default'
2026-02-26 22:32:13 [restartedMain] WARN  o.s.b.j.a.JpaBaseConfiguration$JpaWebConfiguration - spring.jpa.open-in-view is enabled by default. Therefore, database queries may be performed during view rendering. Explicitly configure spring.jpa.open-in-view to disable this warning
2026-02-26 22:32:13 [restartedMain] INFO  o.s.boot.tomcat.TomcatWebServer - Tomcat started on port 8080 (http) with context path '/'
2026-02-26 22:32:13 [restartedMain] INFO  b.c.pc.omniflow.OmniflowApplication - Started OmniflowApplication in 1.826 seconds (process running for 5077.326)
2026-02-26 22:32:13 [restartedMain] INFO  b.c.p.omniflow.service.NfeXmlService - Recebido arquivo para importação: 
2026-02-26 22:32:13 [restartedMain] INFO  b.c.p.omniflow.service.NfeXmlService - Formato de arquivo não suportado: 
2026-02-26 22:32:13 [restartedMain] INFO  o.s.b.d.a.ConditionEvaluationDeltaLoggingListener - Condition evaluation unchanged
2026-02-26 22:32:52 [File Watcher] INFO  o.s.b.d.a.LocalDevToolsAutoConfiguration$RestartingClassPathChangeChangedEventListener - Restarting due to 1 class path change (0 additions, 1 deletion, 0 modifications)
2026-02-26 22:32:52 [Thread-138] INFO  o.s.boot.tomcat.GracefulShutdown - Commencing graceful shutdown. Waiting for active requests to complete
2026-02-26 22:32:52 [tomcat-shutdown] INFO  o.s.boot.tomcat.GracefulShutdown - Graceful shutdown complete
2026-02-26 22:32:52 [Thread-138] INFO  o.s.o.j.LocalContainerEntityManagerFactoryBean - Closing JPA EntityManagerFactory for persistence unit 'default'
2026-02-26 22:32:52 [Thread-138] INFO  com.zaxxer.hikari.HikariDataSource - HikariPool-36 - Shutdown initiated...
2026-02-26 22:32:52 [Thread-138] INFO  com.zaxxer.hikari.HikariDataSource - HikariPool-36 - Shutdown completed.
2026-02-26 22:32:52 [restartedMain] INFO  b.c.pc.omniflow.OmniflowApplication - Starting OmniflowApplication using Java 17.0.15 with PID 1388877 (/home/paulo/Documentos/projetos/omniflow/target/classes started by paulo in /home/paulo/Documentos/projetos/omniflow)
2026-02-26 22:32:52 [restartedMain] DEBUG b.c.pc.omniflow.OmniflowApplication - Running with Spring Boot v4.0.3, Spring v7.0.5
2026-02-26 22:32:52 [restartedMain] INFO  b.c.pc.omniflow.OmniflowApplication - The following 1 profile is active: "dev"
2026-02-26 22:32:53 [restartedMain] INFO  o.s.d.r.c.RepositoryConfigurationDelegate - Bootstrapping Spring Data JPA repositories in DEFAULT mode.
2026-02-26 22:32:53 [restartedMain] INFO  o.s.d.r.c.RepositoryConfigurationDelegate - Finished Spring Data repository scanning in 26 ms. Found 14 JPA repository interfaces.
2026-02-26 22:32:53 [restartedMain] INFO  o.s.boot.tomcat.TomcatWebServer - Tomcat initialized with port 8080 (http)
2026-02-26 22:32:53 [restartedMain] INFO  o.a.catalina.core.StandardService - Starting service [Tomcat]
2026-02-26 22:32:53 [restartedMain] INFO  o.a.catalina.core.StandardEngine - Starting Servlet engine: [Apache Tomcat/11.0.18]
2026-02-26 22:32:53 [restartedMain] INFO  o.s.b.w.c.s.WebApplicationContextInitializer - Root WebApplicationContext: initialization completed in 388 ms
2026-02-26 22:32:53 [restartedMain] INFO  org.hibernate.orm.jpa - HHH008540: Processing PersistenceUnitInfo [name: default]
2026-02-26 22:32:53 [restartedMain] INFO  o.s.o.j.p.SpringPersistenceUnitInfo - No LoadTimeWeaver setup: ignoring JPA class transformer
2026-02-26 22:32:53 [restartedMain] INFO  com.zaxxer.hikari.HikariDataSource - HikariPool-37 - Starting...
2026-02-26 22:32:53 [restartedMain] INFO  com.zaxxer.hikari.pool.HikariPool - HikariPool-37 - Added connection org.postgresql.jdbc.PgConnection@79da71e1
2026-02-26 22:32:53 [restartedMain] INFO  com.zaxxer.hikari.HikariDataSource - HikariPool-37 - Start completed.
2026-02-26 22:32:53 [restartedMain] WARN  org.hibernate.orm.deprecation - HHH90000025: PostgreSQLDialect does not need to be specified explicitly using 'hibernate.dialect' (remove the property setting and it will be selected by default)
2026-02-26 22:32:53 [restartedMain] INFO  o.hibernate.orm.connections.pooling - HHH10001005: Database info:
	Database JDBC URL [jdbc:postgresql://10.0.1.9:5438/omniflow]
	Database driver: PostgreSQL JDBC Driver
	Database dialect: PostgreSQLDialect
	Database version: 16.2
	Default catalog/schema: omniflow/public
	Autocommit mode: undefined/unknown
	Isolation level: READ_COMMITTED [default READ_COMMITTED]
	JDBC fetch size: none
	Pool: DataSourceConnectionProvider
	Minimum pool size: undefined/unknown
	Maximum pool size: undefined/unknown
2026-02-26 22:32:53 [restartedMain] WARN  org.hibernate.orm.core - HHH000038: Composite id class does not override equals(): br.com.pc.omniflow.domain.model.EstoqueSaldoId
2026-02-26 22:32:53 [restartedMain] INFO  org.hibernate.orm.core - HHH000489: No JTA platform available (set 'hibernate.transaction.jta.platform' to enable JTA platform integration)
2026-02-26 22:32:54 [restartedMain] INFO  o.s.o.j.LocalContainerEntityManagerFactoryBean - Initialized JPA EntityManagerFactory for persistence unit 'default'
2026-02-26 22:32:54 [restartedMain] WARN  o.s.b.j.a.JpaBaseConfiguration$JpaWebConfiguration - spring.jpa.open-in-view is enabled by default. Therefore, database queries may be performed during view rendering. Explicitly configure spring.jpa.open-in-view to disable this warning
2026-02-26 22:32:55 [restartedMain] INFO  o.s.boot.tomcat.TomcatWebServer - Tomcat started on port 8080 (http) with context path '/'
2026-02-26 22:32:55 [restartedMain] INFO  b.c.pc.omniflow.OmniflowApplication - Started OmniflowApplication in 2.158 seconds (process running for 5118.514)
2026-02-26 22:32:55 [restartedMain] INFO  b.c.p.omniflow.service.NfeXmlService - Recebido arquivo para importação: 
2026-02-26 22:32:55 [restartedMain] INFO  b.c.p.omniflow.service.NfeXmlService - Formato de arquivo não suportado: 
2026-02-26 22:32:55 [restartedMain] INFO  o.s.b.d.a.ConditionEvaluationDeltaLoggingListener - Condition evaluation unchanged
2026-02-26 22:33:25 [File Watcher] INFO  o.s.b.d.a.LocalDevToolsAutoConfiguration$RestartingClassPathChangeChangedEventListener - Restarting due to 1 class path change (0 additions, 1 deletion, 0 modifications)
2026-02-26 22:33:25 [Thread-142] INFO  o.s.boot.tomcat.GracefulShutdown - Commencing graceful shutdown. Waiting for active requests to complete
2026-02-26 22:33:25 [tomcat-shutdown] INFO  o.s.boot.tomcat.GracefulShutdown - Graceful shutdown complete
2026-02-26 22:33:25 [Thread-142] INFO  o.s.o.j.LocalContainerEntityManagerFactoryBean - Closing JPA EntityManagerFactory for persistence unit 'default'
2026-02-26 22:33:26 [Thread-142] INFO  com.zaxxer.hikari.HikariDataSource - HikariPool-37 - Shutdown initiated...
2026-02-26 22:33:26 [Thread-142] INFO  com.zaxxer.hikari.HikariDataSource - HikariPool-37 - Shutdown completed.
2026-02-26 22:33:26 [restartedMain] INFO  b.c.pc.omniflow.OmniflowApplication - Starting OmniflowApplication using Java 17.0.15 with PID 1388877 (/home/paulo/Documentos/projetos/omniflow/target/classes started by paulo in /home/paulo/Documentos/projetos/omniflow)
2026-02-26 22:33:26 [restartedMain] DEBUG b.c.pc.omniflow.OmniflowApplication - Running with Spring Boot v4.0.3, Spring v7.0.5
2026-02-26 22:33:26 [restartedMain] INFO  b.c.pc.omniflow.OmniflowApplication - The following 1 profile is active: "dev"
2026-02-26 22:33:26 [restartedMain] INFO  o.s.d.r.c.RepositoryConfigurationDelegate - Bootstrapping Spring Data JPA repositories in DEFAULT mode.
2026-02-26 22:33:26 [restartedMain] INFO  o.s.d.r.c.RepositoryConfigurationDelegate - Finished Spring Data repository scanning in 30 ms. Found 14 JPA repository interfaces.
2026-02-26 22:33:26 [restartedMain] INFO  o.s.boot.tomcat.TomcatWebServer - Tomcat initialized with port 8080 (http)
2026-02-26 22:33:26 [restartedMain] INFO  o.a.catalina.core.StandardService - Starting service [Tomcat]
2026-02-26 22:33:26 [restartedMain] INFO  o.a.catalina.core.StandardEngine - Starting Servlet engine: [Apache Tomcat/11.0.18]
2026-02-26 22:33:26 [restartedMain] INFO  o.s.b.w.c.s.WebApplicationContextInitializer - Root WebApplicationContext: initialization completed in 260 ms
2026-02-26 22:33:26 [restartedMain] INFO  org.hibernate.orm.jpa - HHH008540: Processing PersistenceUnitInfo [name: default]
2026-02-26 22:33:26 [restartedMain] INFO  o.s.o.j.p.SpringPersistenceUnitInfo - No LoadTimeWeaver setup: ignoring JPA class transformer
2026-02-26 22:33:26 [restartedMain] INFO  com.zaxxer.hikari.HikariDataSource - HikariPool-38 - Starting...
2026-02-26 22:33:26 [restartedMain] INFO  com.zaxxer.hikari.pool.HikariPool - HikariPool-38 - Added connection org.postgresql.jdbc.PgConnection@6ae5c0f4
2026-02-26 22:33:26 [restartedMain] INFO  com.zaxxer.hikari.HikariDataSource - HikariPool-38 - Start completed.
2026-02-26 22:33:26 [restartedMain] WARN  org.hibernate.orm.deprecation - HHH90000025: PostgreSQLDialect does not need to be specified explicitly using 'hibernate.dialect' (remove the property setting and it will be selected by default)
2026-02-26 22:33:26 [restartedMain] INFO  o.hibernate.orm.connections.pooling - HHH10001005: Database info:
	Database JDBC URL [jdbc:postgresql://10.0.1.9:5438/omniflow]
	Database driver: PostgreSQL JDBC Driver
	Database dialect: PostgreSQLDialect
	Database version: 16.2
	Default catalog/schema: omniflow/public
	Autocommit mode: undefined/unknown
	Isolation level: READ_COMMITTED [default READ_COMMITTED]
	JDBC fetch size: none
	Pool: DataSourceConnectionProvider
	Minimum pool size: undefined/unknown
	Maximum pool size: undefined/unknown
2026-02-26 22:33:26 [restartedMain] WARN  org.hibernate.orm.core - HHH000038: Composite id class does not override equals(): br.com.pc.omniflow.domain.model.EstoqueSaldoId
2026-02-26 22:33:26 [restartedMain] INFO  org.hibernate.orm.core - HHH000489: No JTA platform available (set 'hibernate.transaction.jta.platform' to enable JTA platform integration)
2026-02-26 22:33:27 [restartedMain] INFO  o.s.o.j.LocalContainerEntityManagerFactoryBean - Initialized JPA EntityManagerFactory for persistence unit 'default'
2026-02-26 22:33:28 [restartedMain] WARN  o.s.b.j.a.JpaBaseConfiguration$JpaWebConfiguration - spring.jpa.open-in-view is enabled by default. Therefore, database queries may be performed during view rendering. Explicitly configure spring.jpa.open-in-view to disable this warning
2026-02-26 22:33:28 [restartedMain] INFO  o.s.boot.tomcat.TomcatWebServer - Tomcat started on port 8080 (http) with context path '/'
2026-02-26 22:33:28 [restartedMain] INFO  b.c.pc.omniflow.OmniflowApplication - Started OmniflowApplication in 2.09 seconds (process running for 5151.678)
2026-02-26 22:33:28 [restartedMain] INFO  b.c.p.omniflow.service.NfeXmlService - Recebido arquivo para importação: 
2026-02-26 22:33:28 [restartedMain] INFO  b.c.p.omniflow.service.NfeXmlService - Formato de arquivo não suportado: 
2026-02-26 22:33:28 [restartedMain] INFO  o.s.b.d.a.ConditionEvaluationDeltaLoggingListener - Condition evaluation unchanged
2026-02-26 22:35:38 [File Watcher] INFO  o.s.b.d.a.LocalDevToolsAutoConfiguration$RestartingClassPathChangeChangedEventListener - Restarting due to 1 class path change (1 addition, 0 deletions, 0 modifications)
2026-02-26 22:35:38 [Thread-146] INFO  o.s.boot.tomcat.GracefulShutdown - Commencing graceful shutdown. Waiting for active requests to complete
2026-02-26 22:35:38 [tomcat-shutdown] INFO  o.s.boot.tomcat.GracefulShutdown - Graceful shutdown complete
2026-02-26 22:35:38 [Thread-146] INFO  o.s.o.j.LocalContainerEntityManagerFactoryBean - Closing JPA EntityManagerFactory for persistence unit 'default'
2026-02-26 22:35:39 [Thread-146] INFO  com.zaxxer.hikari.HikariDataSource - HikariPool-38 - Shutdown initiated...
2026-02-26 22:35:39 [Thread-146] INFO  com.zaxxer.hikari.HikariDataSource - HikariPool-38 - Shutdown completed.
2026-02-26 22:35:39 [restartedMain] INFO  b.c.pc.omniflow.OmniflowApplication - Starting OmniflowApplication using Java 17.0.15 with PID 1388877 (/home/paulo/Documentos/projetos/omniflow/target/classes started by paulo in /home/paulo/Documentos/projetos/omniflow)
2026-02-26 22:35:39 [restartedMain] DEBUG b.c.pc.omniflow.OmniflowApplication - Running with Spring Boot v4.0.3, Spring v7.0.5
2026-02-26 22:35:39 [restartedMain] INFO  b.c.pc.omniflow.OmniflowApplication - The following 1 profile is active: "dev"
2026-02-26 22:35:39 [restartedMain] INFO  o.s.d.r.c.RepositoryConfigurationDelegate - Bootstrapping Spring Data JPA repositories in DEFAULT mode.
2026-02-26 22:35:39 [restartedMain] INFO  o.s.d.r.c.RepositoryConfigurationDelegate - Finished Spring Data repository scanning in 31 ms. Found 14 JPA repository interfaces.
2026-02-26 22:35:39 [restartedMain] INFO  o.s.boot.tomcat.TomcatWebServer - Tomcat initialized with port 8080 (http)
2026-02-26 22:35:39 [restartedMain] INFO  o.a.catalina.core.StandardService - Starting service [Tomcat]
2026-02-26 22:35:39 [restartedMain] INFO  o.a.catalina.core.StandardEngine - Starting Servlet engine: [Apache Tomcat/11.0.18]
2026-02-26 22:35:39 [restartedMain] INFO  o.s.b.w.c.s.WebApplicationContextInitializer - Root WebApplicationContext: initialization completed in 241 ms
2026-02-26 22:35:39 [restartedMain] INFO  org.hibernate.orm.jpa - HHH008540: Processing PersistenceUnitInfo [name: default]
2026-02-26 22:35:39 [restartedMain] INFO  o.s.o.j.p.SpringPersistenceUnitInfo - No LoadTimeWeaver setup: ignoring JPA class transformer
2026-02-26 22:35:39 [restartedMain] INFO  com.zaxxer.hikari.HikariDataSource - HikariPool-39 - Starting...
2026-02-26 22:35:39 [restartedMain] INFO  com.zaxxer.hikari.pool.HikariPool - HikariPool-39 - Added connection org.postgresql.jdbc.PgConnection@793cd5f6
2026-02-26 22:35:39 [restartedMain] INFO  com.zaxxer.hikari.HikariDataSource - HikariPool-39 - Start completed.
2026-02-26 22:35:40 [restartedMain] WARN  org.hibernate.orm.deprecation - HHH90000025: PostgreSQLDialect does not need to be specified explicitly using 'hibernate.dialect' (remove the property setting and it will be selected by default)
2026-02-26 22:35:40 [restartedMain] INFO  o.hibernate.orm.connections.pooling - HHH10001005: Database info:
	Database JDBC URL [jdbc:postgresql://10.0.1.9:5438/omniflow]
	Database driver: PostgreSQL JDBC Driver
	Database dialect: PostgreSQLDialect
	Database version: 16.2
	Default catalog/schema: omniflow/public
	Autocommit mode: undefined/unknown
	Isolation level: READ_COMMITTED [default READ_COMMITTED]
	JDBC fetch size: none
	Pool: DataSourceConnectionProvider
	Minimum pool size: undefined/unknown
	Maximum pool size: undefined/unknown
2026-02-26 22:35:40 [restartedMain] WARN  org.hibernate.orm.core - HHH000038: Composite id class does not override equals(): br.com.pc.omniflow.domain.model.EstoqueSaldoId
2026-02-26 22:35:40 [restartedMain] INFO  org.hibernate.orm.core - HHH000489: No JTA platform available (set 'hibernate.transaction.jta.platform' to enable JTA platform integration)
2026-02-26 22:35:41 [restartedMain] INFO  o.s.o.j.LocalContainerEntityManagerFactoryBean - Initialized JPA EntityManagerFactory for persistence unit 'default'
2026-02-26 22:35:41 [restartedMain] WARN  o.s.b.j.a.JpaBaseConfiguration$JpaWebConfiguration - spring.jpa.open-in-view is enabled by default. Therefore, database queries may be performed during view rendering. Explicitly configure spring.jpa.open-in-view to disable this warning
2026-02-26 22:35:41 [restartedMain] INFO  o.s.boot.tomcat.TomcatWebServer - Tomcat started on port 8080 (http) with context path '/'
2026-02-26 22:35:41 [restartedMain] INFO  b.c.pc.omniflow.OmniflowApplication - Started OmniflowApplication in 1.813 seconds (process running for 5284.837)
2026-02-26 22:35:41 [restartedMain] INFO  b.c.p.omniflow.service.NfeXmlService - Recebido arquivo para importação: 
2026-02-26 22:35:41 [restartedMain] INFO  b.c.p.omniflow.service.NfeXmlService - Formato de arquivo não suportado: 
2026-02-26 22:35:41 [restartedMain] INFO  o.s.b.d.a.ConditionEvaluationDeltaLoggingListener - Condition evaluation unchanged
2026-02-26 22:36:03 [File Watcher] INFO  o.s.b.d.a.LocalDevToolsAutoConfiguration$RestartingClassPathChangeChangedEventListener - Restarting due to 1 class path change (0 additions, 1 deletion, 0 modifications)
2026-02-26 22:36:03 [Thread-150] INFO  o.s.boot.tomcat.GracefulShutdown - Commencing graceful shutdown. Waiting for active requests to complete
2026-02-26 22:36:03 [tomcat-shutdown] INFO  o.s.boot.tomcat.GracefulShutdown - Graceful shutdown complete
2026-02-26 22:36:03 [Thread-150] INFO  o.s.o.j.LocalContainerEntityManagerFactoryBean - Closing JPA EntityManagerFactory for persistence unit 'default'
2026-02-26 22:36:04 [Thread-150] INFO  com.zaxxer.hikari.HikariDataSource - HikariPool-39 - Shutdown initiated...
2026-02-26 22:36:04 [Thread-150] INFO  com.zaxxer.hikari.HikariDataSource - HikariPool-39 - Shutdown completed.
2026-02-26 22:36:04 [restartedMain] INFO  b.c.pc.omniflow.OmniflowApplication - Starting OmniflowApplication using Java 17.0.15 with PID 1388877 (/home/paulo/Documentos/projetos/omniflow/target/classes started by paulo in /home/paulo/Documentos/projetos/omniflow)
2026-02-26 22:36:04 [restartedMain] DEBUG b.c.pc.omniflow.OmniflowApplication - Running with Spring Boot v4.0.3, Spring v7.0.5
2026-02-26 22:36:04 [restartedMain] INFO  b.c.pc.omniflow.OmniflowApplication - The following 1 profile is active: "dev"
2026-02-26 22:36:04 [restartedMain] INFO  o.s.d.r.c.RepositoryConfigurationDelegate - Bootstrapping Spring Data JPA repositories in DEFAULT mode.
2026-02-26 22:36:04 [restartedMain] INFO  o.s.d.r.c.RepositoryConfigurationDelegate - Finished Spring Data repository scanning in 30 ms. Found 14 JPA repository interfaces.
2026-02-26 22:36:04 [restartedMain] INFO  o.s.boot.tomcat.TomcatWebServer - Tomcat initialized with port 8080 (http)
2026-02-26 22:36:04 [restartedMain] INFO  o.a.catalina.core.StandardService - Starting service [Tomcat]
2026-02-26 22:36:04 [restartedMain] INFO  o.a.catalina.core.StandardEngine - Starting Servlet engine: [Apache Tomcat/11.0.18]
2026-02-26 22:36:04 [restartedMain] INFO  o.s.b.w.c.s.WebApplicationContextInitializer - Root WebApplicationContext: initialization completed in 247 ms
2026-02-26 22:36:04 [restartedMain] INFO  org.hibernate.orm.jpa - HHH008540: Processing PersistenceUnitInfo [name: default]
2026-02-26 22:36:04 [restartedMain] INFO  o.s.o.j.p.SpringPersistenceUnitInfo - No LoadTimeWeaver setup: ignoring JPA class transformer
2026-02-26 22:36:04 [restartedMain] INFO  com.zaxxer.hikari.HikariDataSource - HikariPool-40 - Starting...
2026-02-26 22:36:04 [restartedMain] INFO  com.zaxxer.hikari.pool.HikariPool - HikariPool-40 - Added connection org.postgresql.jdbc.PgConnection@45ef34a4
2026-02-26 22:36:04 [restartedMain] INFO  com.zaxxer.hikari.HikariDataSource - HikariPool-40 - Start completed.
2026-02-26 22:36:04 [restartedMain] WARN  org.hibernate.orm.deprecation - HHH90000025: PostgreSQLDialect does not need to be specified explicitly using 'hibernate.dialect' (remove the property setting and it will be selected by default)
2026-02-26 22:36:05 [restartedMain] INFO  o.hibernate.orm.connections.pooling - HHH10001005: Database info:
	Database JDBC URL [jdbc:postgresql://10.0.1.9:5438/omniflow]
	Database driver: PostgreSQL JDBC Driver
	Database dialect: PostgreSQLDialect
	Database version: 16.2
	Default catalog/schema: omniflow/public
	Autocommit mode: undefined/unknown
	Isolation level: READ_COMMITTED [default READ_COMMITTED]
	JDBC fetch size: none
	Pool: DataSourceConnectionProvider
	Minimum pool size: undefined/unknown
	Maximum pool size: undefined/unknown
2026-02-26 22:36:05 [restartedMain] WARN  org.hibernate.orm.core - HHH000038: Composite id class does not override equals(): br.com.pc.omniflow.domain.model.EstoqueSaldoId
2026-02-26 22:36:05 [restartedMain] INFO  org.hibernate.orm.core - HHH000489: No JTA platform available (set 'hibernate.transaction.jta.platform' to enable JTA platform integration)
2026-02-26 22:36:06 [restartedMain] INFO  o.s.o.j.LocalContainerEntityManagerFactoryBean - Initialized JPA EntityManagerFactory for persistence unit 'default'
2026-02-26 22:36:06 [restartedMain] WARN  o.s.b.j.a.JpaBaseConfiguration$JpaWebConfiguration - spring.jpa.open-in-view is enabled by default. Therefore, database queries may be performed during view rendering. Explicitly configure spring.jpa.open-in-view to disable this warning
2026-02-26 22:36:06 [restartedMain] INFO  o.s.boot.tomcat.TomcatWebServer - Tomcat started on port 8080 (http) with context path '/'
2026-02-26 22:36:06 [restartedMain] INFO  b.c.pc.omniflow.OmniflowApplication - Started OmniflowApplication in 1.971 seconds (process running for 5309.917)
2026-02-26 22:36:06 [restartedMain] INFO  b.c.p.omniflow.service.NfeXmlService - Recebido arquivo para importação: 
2026-02-26 22:36:06 [restartedMain] INFO  b.c.p.omniflow.service.NfeXmlService - Formato de arquivo não suportado: 
2026-02-26 22:36:06 [restartedMain] INFO  o.s.b.d.a.ConditionEvaluationDeltaLoggingListener - Condition evaluation unchanged
2026-02-26 22:36:18 [File Watcher] INFO  o.s.b.d.a.LocalDevToolsAutoConfiguration$RestartingClassPathChangeChangedEventListener - Restarting due to 1 class path change (0 additions, 1 deletion, 0 modifications)
2026-02-26 22:36:18 [Thread-154] INFO  o.s.boot.tomcat.GracefulShutdown - Commencing graceful shutdown. Waiting for active requests to complete
2026-02-26 22:36:18 [tomcat-shutdown] INFO  o.s.boot.tomcat.GracefulShutdown - Graceful shutdown complete
2026-02-26 22:36:18 [Thread-154] INFO  o.s.o.j.LocalContainerEntityManagerFactoryBean - Closing JPA EntityManagerFactory for persistence unit 'default'
2026-02-26 22:36:19 [Thread-154] INFO  com.zaxxer.hikari.HikariDataSource - HikariPool-40 - Shutdown initiated...
2026-02-26 22:36:19 [Thread-154] INFO  com.zaxxer.hikari.HikariDataSource - HikariPool-40 - Shutdown completed.
2026-02-26 22:36:19 [restartedMain] INFO  b.c.pc.omniflow.OmniflowApplication - Starting OmniflowApplication using Java 17.0.15 with PID 1388877 (/home/paulo/Documentos/projetos/omniflow/target/classes started by paulo in /home/paulo/Documentos/projetos/omniflow)
2026-02-26 22:36:19 [restartedMain] DEBUG b.c.pc.omniflow.OmniflowApplication - Running with Spring Boot v4.0.3, Spring v7.0.5
2026-02-26 22:36:19 [restartedMain] INFO  b.c.pc.omniflow.OmniflowApplication - The following 1 profile is active: "dev"
2026-02-26 22:36:19 [restartedMain] INFO  o.s.d.r.c.RepositoryConfigurationDelegate - Bootstrapping Spring Data JPA repositories in DEFAULT mode.
2026-02-26 22:36:19 [restartedMain] INFO  o.s.d.r.c.RepositoryConfigurationDelegate - Finished Spring Data repository scanning in 22 ms. Found 14 JPA repository interfaces.
2026-02-26 22:36:19 [restartedMain] INFO  o.s.boot.tomcat.TomcatWebServer - Tomcat initialized with port 8080 (http)
2026-02-26 22:36:19 [restartedMain] INFO  o.a.catalina.core.StandardService - Starting service [Tomcat]
2026-02-26 22:36:19 [restartedMain] INFO  o.a.catalina.core.StandardEngine - Starting Servlet engine: [Apache Tomcat/11.0.18]
2026-02-26 22:36:19 [restartedMain] INFO  o.s.b.w.c.s.WebApplicationContextInitializer - Root WebApplicationContext: initialization completed in 239 ms
2026-02-26 22:36:19 [restartedMain] INFO  org.hibernate.orm.jpa - HHH008540: Processing PersistenceUnitInfo [name: default]
2026-02-26 22:36:19 [restartedMain] INFO  o.s.o.j.p.SpringPersistenceUnitInfo - No LoadTimeWeaver setup: ignoring JPA class transformer
2026-02-26 22:36:19 [restartedMain] INFO  com.zaxxer.hikari.HikariDataSource - HikariPool-41 - Starting...
2026-02-26 22:36:19 [restartedMain] INFO  com.zaxxer.hikari.pool.HikariPool - HikariPool-41 - Added connection org.postgresql.jdbc.PgConnection@2113dd76
2026-02-26 22:36:19 [restartedMain] INFO  com.zaxxer.hikari.HikariDataSource - HikariPool-41 - Start completed.
2026-02-26 22:36:19 [restartedMain] WARN  org.hibernate.orm.deprecation - HHH90000025: PostgreSQLDialect does not need to be specified explicitly using 'hibernate.dialect' (remove the property setting and it will be selected by default)
2026-02-26 22:36:19 [restartedMain] INFO  o.hibernate.orm.connections.pooling - HHH10001005: Database info:
	Database JDBC URL [jdbc:postgresql://10.0.1.9:5438/omniflow]
	Database driver: PostgreSQL JDBC Driver
	Database dialect: PostgreSQLDialect
	Database version: 16.2
	Default catalog/schema: omniflow/public
	Autocommit mode: undefined/unknown
	Isolation level: READ_COMMITTED [default READ_COMMITTED]
	JDBC fetch size: none
	Pool: DataSourceConnectionProvider
	Minimum pool size: undefined/unknown
	Maximum pool size: undefined/unknown
2026-02-26 22:36:20 [restartedMain] WARN  org.hibernate.orm.core - HHH000038: Composite id class does not override equals(): br.com.pc.omniflow.domain.model.EstoqueSaldoId
2026-02-26 22:36:20 [restartedMain] INFO  org.hibernate.orm.core - HHH000489: No JTA platform available (set 'hibernate.transaction.jta.platform' to enable JTA platform integration)
2026-02-26 22:36:21 [restartedMain] INFO  o.s.o.j.LocalContainerEntityManagerFactoryBean - Initialized JPA EntityManagerFactory for persistence unit 'default'
2026-02-26 22:36:21 [restartedMain] WARN  o.s.b.j.a.JpaBaseConfiguration$JpaWebConfiguration - spring.jpa.open-in-view is enabled by default. Therefore, database queries may be performed during view rendering. Explicitly configure spring.jpa.open-in-view to disable this warning
2026-02-26 22:36:21 [restartedMain] INFO  o.s.boot.tomcat.TomcatWebServer - Tomcat started on port 8080 (http) with context path '/'
2026-02-26 22:36:21 [restartedMain] INFO  b.c.pc.omniflow.OmniflowApplication - Started OmniflowApplication in 1.781 seconds (process running for 5324.7)
2026-02-26 22:36:21 [restartedMain] INFO  b.c.p.omniflow.service.NfeXmlService - Recebido arquivo para importação: 
2026-02-26 22:36:21 [restartedMain] INFO  b.c.p.omniflow.service.NfeXmlService - Formato de arquivo não suportado: 
2026-02-26 22:36:21 [restartedMain] INFO  o.s.b.d.a.ConditionEvaluationDeltaLoggingListener - Condition evaluation unchanged
2026-02-26 22:37:44 [File Watcher] INFO  o.s.b.d.a.LocalDevToolsAutoConfiguration$RestartingClassPathChangeChangedEventListener - Restarting due to 5 class path changes (0 additions, 0 deletions, 5 modifications)
2026-02-26 22:37:44 [Thread-158] INFO  o.s.boot.tomcat.GracefulShutdown - Commencing graceful shutdown. Waiting for active requests to complete
2026-02-26 22:37:44 [tomcat-shutdown] INFO  o.s.boot.tomcat.GracefulShutdown - Graceful shutdown complete
2026-02-26 22:37:44 [Thread-158] INFO  o.s.o.j.LocalContainerEntityManagerFactoryBean - Closing JPA EntityManagerFactory for persistence unit 'default'
2026-02-26 22:37:44 [Thread-158] INFO  com.zaxxer.hikari.HikariDataSource - HikariPool-41 - Shutdown initiated...
2026-02-26 22:37:44 [Thread-158] INFO  com.zaxxer.hikari.HikariDataSource - HikariPool-41 - Shutdown completed.
2026-02-26 22:37:45 [restartedMain] INFO  b.c.pc.omniflow.OmniflowApplication - Starting OmniflowApplication using Java 17.0.15 with PID 1388877 (/home/paulo/Documentos/projetos/omniflow/target/classes started by paulo in /home/paulo/Documentos/projetos/omniflow)
2026-02-26 22:37:45 [restartedMain] DEBUG b.c.pc.omniflow.OmniflowApplication - Running with Spring Boot v4.0.3, Spring v7.0.5
2026-02-26 22:37:45 [restartedMain] INFO  b.c.pc.omniflow.OmniflowApplication - The following 1 profile is active: "dev"
2026-02-26 22:37:45 [restartedMain] INFO  o.s.d.r.c.RepositoryConfigurationDelegate - Bootstrapping Spring Data JPA repositories in DEFAULT mode.
2026-02-26 22:37:45 [restartedMain] INFO  o.s.d.r.c.RepositoryConfigurationDelegate - Finished Spring Data repository scanning in 27 ms. Found 14 JPA repository interfaces.
2026-02-26 22:37:45 [restartedMain] INFO  o.s.boot.tomcat.TomcatWebServer - Tomcat initialized with port 8080 (http)
2026-02-26 22:37:45 [restartedMain] INFO  o.a.catalina.core.StandardService - Starting service [Tomcat]
2026-02-26 22:37:45 [restartedMain] INFO  o.a.catalina.core.StandardEngine - Starting Servlet engine: [Apache Tomcat/11.0.18]
2026-02-26 22:37:45 [restartedMain] INFO  o.s.b.w.c.s.WebApplicationContextInitializer - Root WebApplicationContext: initialization completed in 232 ms
2026-02-26 22:37:45 [restartedMain] INFO  org.hibernate.orm.jpa - HHH008540: Processing PersistenceUnitInfo [name: default]
2026-02-26 22:37:45 [restartedMain] INFO  o.s.o.j.p.SpringPersistenceUnitInfo - No LoadTimeWeaver setup: ignoring JPA class transformer
2026-02-26 22:37:45 [restartedMain] INFO  com.zaxxer.hikari.HikariDataSource - HikariPool-42 - Starting...
2026-02-26 22:37:45 [restartedMain] INFO  com.zaxxer.hikari.pool.HikariPool - HikariPool-42 - Added connection org.postgresql.jdbc.PgConnection@53d3f241
2026-02-26 22:37:45 [restartedMain] INFO  com.zaxxer.hikari.HikariDataSource - HikariPool-42 - Start completed.
2026-02-26 22:37:45 [restartedMain] WARN  org.hibernate.orm.deprecation - HHH90000025: PostgreSQLDialect does not need to be specified explicitly using 'hibernate.dialect' (remove the property setting and it will be selected by default)
2026-02-26 22:37:45 [restartedMain] INFO  o.hibernate.orm.connections.pooling - HHH10001005: Database info:
	Database JDBC URL [jdbc:postgresql://10.0.1.9:5438/omniflow]
	Database driver: PostgreSQL JDBC Driver
	Database dialect: PostgreSQLDialect
	Database version: 16.2
	Default catalog/schema: omniflow/public
	Autocommit mode: undefined/unknown
	Isolation level: READ_COMMITTED [default READ_COMMITTED]
	JDBC fetch size: none
	Pool: DataSourceConnectionProvider
	Minimum pool size: undefined/unknown
	Maximum pool size: undefined/unknown
2026-02-26 22:37:45 [restartedMain] WARN  org.hibernate.orm.core - HHH000038: Composite id class does not override equals(): br.com.pc.omniflow.domain.model.EstoqueSaldoId
2026-02-26 22:37:45 [restartedMain] INFO  org.hibernate.orm.core - HHH000489: No JTA platform available (set 'hibernate.transaction.jta.platform' to enable JTA platform integration)
2026-02-26 22:37:46 [restartedMain] INFO  o.s.o.j.LocalContainerEntityManagerFactoryBean - Initialized JPA EntityManagerFactory for persistence unit 'default'
2026-02-26 22:37:46 [restartedMain] WARN  o.s.b.j.a.JpaBaseConfiguration$JpaWebConfiguration - spring.jpa.open-in-view is enabled by default. Therefore, database queries may be performed during view rendering. Explicitly configure spring.jpa.open-in-view to disable this warning
2026-02-26 22:37:46 [restartedMain] INFO  o.s.boot.tomcat.TomcatWebServer - Tomcat started on port 8080 (http) with context path '/'
2026-02-26 22:37:46 [restartedMain] INFO  b.c.pc.omniflow.OmniflowApplication - Started OmniflowApplication in 1.655 seconds (process running for 5410.174)
2026-02-26 22:37:46 [restartedMain] INFO  b.c.p.omniflow.service.NfeXmlService - Recebido arquivo para importação: 
2026-02-26 22:37:46 [restartedMain] INFO  b.c.p.omniflow.service.NfeXmlService - Formato de arquivo não suportado: 
2026-02-26 22:37:46 [restartedMain] INFO  o.s.b.d.a.ConditionEvaluationDeltaLoggingListener - Condition evaluation unchanged
2026-02-26 22:40:24 [File Watcher] INFO  o.s.b.d.a.LocalDevToolsAutoConfiguration$RestartingClassPathChangeChangedEventListener - Restarting due to 2 class path changes (0 additions, 2 deletions, 0 modifications)
2026-02-26 22:40:24 [Thread-162] INFO  o.s.boot.tomcat.GracefulShutdown - Commencing graceful shutdown. Waiting for active requests to complete
2026-02-26 22:40:24 [tomcat-shutdown] INFO  o.s.boot.tomcat.GracefulShutdown - Graceful shutdown complete
2026-02-26 22:40:24 [Thread-162] INFO  o.s.o.j.LocalContainerEntityManagerFactoryBean - Closing JPA EntityManagerFactory for persistence unit 'default'
2026-02-26 22:40:25 [Thread-162] INFO  com.zaxxer.hikari.HikariDataSource - HikariPool-42 - Shutdown initiated...
2026-02-26 22:40:25 [Thread-162] INFO  com.zaxxer.hikari.HikariDataSource - HikariPool-42 - Shutdown completed.
2026-02-26 22:40:25 [restartedMain] INFO  b.c.pc.omniflow.OmniflowApplication - Starting OmniflowApplication using Java 17.0.15 with PID 1388877 (/home/paulo/Documentos/projetos/omniflow/target/classes started by paulo in /home/paulo/Documentos/projetos/omniflow)
2026-02-26 22:40:25 [restartedMain] DEBUG b.c.pc.omniflow.OmniflowApplication - Running with Spring Boot v4.0.3, Spring v7.0.5
2026-02-26 22:40:25 [restartedMain] INFO  b.c.pc.omniflow.OmniflowApplication - The following 1 profile is active: "dev"
2026-02-26 22:40:25 [restartedMain] INFO  o.s.d.r.c.RepositoryConfigurationDelegate - Bootstrapping Spring Data JPA repositories in DEFAULT mode.
2026-02-26 22:40:25 [restartedMain] INFO  o.s.d.r.c.RepositoryConfigurationDelegate - Finished Spring Data repository scanning in 31 ms. Found 14 JPA repository interfaces.
2026-02-26 22:40:25 [restartedMain] INFO  o.s.boot.tomcat.TomcatWebServer - Tomcat initialized with port 8080 (http)
2026-02-26 22:40:25 [restartedMain] INFO  o.a.catalina.core.StandardService - Starting service [Tomcat]
2026-02-26 22:40:25 [restartedMain] INFO  o.a.catalina.core.StandardEngine - Starting Servlet engine: [Apache Tomcat/11.0.18]
2026-02-26 22:40:25 [restartedMain] INFO  o.s.b.w.c.s.WebApplicationContextInitializer - Root WebApplicationContext: initialization completed in 265 ms
2026-02-26 22:40:25 [restartedMain] INFO  org.hibernate.orm.jpa - HHH008540: Processing PersistenceUnitInfo [name: default]
2026-02-26 22:40:25 [restartedMain] INFO  o.s.o.j.p.SpringPersistenceUnitInfo - No LoadTimeWeaver setup: ignoring JPA class transformer
2026-02-26 22:40:25 [restartedMain] INFO  com.zaxxer.hikari.HikariDataSource - HikariPool-43 - Starting...
2026-02-26 22:40:25 [restartedMain] INFO  com.zaxxer.hikari.pool.HikariPool - HikariPool-43 - Added connection org.postgresql.jdbc.PgConnection@30a495de
2026-02-26 22:40:25 [restartedMain] INFO  com.zaxxer.hikari.HikariDataSource - HikariPool-43 - Start completed.
2026-02-26 22:40:25 [restartedMain] WARN  org.hibernate.orm.deprecation - HHH90000025: PostgreSQLDialect does not need to be specified explicitly using 'hibernate.dialect' (remove the property setting and it will be selected by default)
2026-02-26 22:40:25 [restartedMain] INFO  o.hibernate.orm.connections.pooling - HHH10001005: Database info:
	Database JDBC URL [jdbc:postgresql://10.0.1.9:5438/omniflow]
	Database driver: PostgreSQL JDBC Driver
	Database dialect: PostgreSQLDialect
	Database version: 16.2
	Default catalog/schema: omniflow/public
	Autocommit mode: undefined/unknown
	Isolation level: READ_COMMITTED [default READ_COMMITTED]
	JDBC fetch size: none
	Pool: DataSourceConnectionProvider
	Minimum pool size: undefined/unknown
	Maximum pool size: undefined/unknown
2026-02-26 22:40:25 [restartedMain] WARN  org.hibernate.orm.core - HHH000038: Composite id class does not override equals(): br.com.pc.omniflow.domain.model.EstoqueSaldoId
2026-02-26 22:40:26 [restartedMain] INFO  org.hibernate.orm.core - HHH000489: No JTA platform available (set 'hibernate.transaction.jta.platform' to enable JTA platform integration)
2026-02-26 22:40:26 [restartedMain] INFO  o.s.o.j.LocalContainerEntityManagerFactoryBean - Initialized JPA EntityManagerFactory for persistence unit 'default'
2026-02-26 22:40:27 [restartedMain] WARN  o.s.b.w.s.s.c.AnnotationConfigServletWebServerApplicationContext - Exception encountered during context initialization - cancelling refresh attempt: org.springframework.beans.factory.UnsatisfiedDependencyException: Error creating bean with name 'omniflowApplication': Unsatisfied dependency expressed through field 'testeService': No qualifying bean of type 'br.com.pc.omniflow.service.TesteService' available: expected at least 1 bean which qualifies as autowire candidate. Dependency annotations: {@org.springframework.beans.factory.annotation.Autowired(required=true)}
2026-02-26 22:40:27 [restartedMain] INFO  o.s.o.j.LocalContainerEntityManagerFactoryBean - Closing JPA EntityManagerFactory for persistence unit 'default'
2026-02-26 22:40:27 [restartedMain] INFO  com.zaxxer.hikari.HikariDataSource - HikariPool-43 - Shutdown initiated...
2026-02-26 22:40:27 [restartedMain] INFO  com.zaxxer.hikari.HikariDataSource - HikariPool-43 - Shutdown completed.
2026-02-26 22:40:27 [restartedMain] INFO  o.a.catalina.core.StandardService - Stopping service [Tomcat]
2026-02-26 22:40:27 [restartedMain] INFO  o.s.b.a.l.ConditionEvaluationReportLogger - 

Error starting ApplicationContext. To display the condition evaluation report re-run your application with 'debug' enabled.
2026-02-26 22:40:27 [restartedMain] ERROR o.s.b.d.LoggingFailureAnalysisReporter - 

***************************
APPLICATION FAILED TO START
***************************

Description:

Field testeService in br.com.pc.omniflow.OmniflowApplication required a bean of type 'br.com.pc.omniflow.service.TesteService' that could not be found.

The injection point has the following annotations:
	- @org.springframework.beans.factory.annotation.Autowired(required=true)


Action:

Consider defining a bean of type 'br.com.pc.omniflow.service.TesteService' in your configuration.

2026-02-26 22:42:22 [restartedMain] INFO  b.c.pc.omniflow.OmniflowApplication - Starting OmniflowApplication using Java 17.0.15 with PID 1388877 (/home/paulo/Documentos/projetos/omniflow/target/classes started by paulo in /home/paulo/Documentos/projetos/omniflow)
2026-02-26 22:42:22 [restartedMain] DEBUG b.c.pc.omniflow.OmniflowApplication - Running with Spring Boot v4.0.3, Spring v7.0.5
2026-02-26 22:42:22 [restartedMain] INFO  b.c.pc.omniflow.OmniflowApplication - The following 1 profile is active: "dev"
2026-02-26 22:42:22 [restartedMain] INFO  o.s.d.r.c.RepositoryConfigurationDelegate - Bootstrapping Spring Data JPA repositories in DEFAULT mode.
2026-02-26 22:42:22 [restartedMain] INFO  o.s.d.r.c.RepositoryConfigurationDelegate - Finished Spring Data repository scanning in 35 ms. Found 14 JPA repository interfaces.
2026-02-26 22:42:22 [restartedMain] INFO  o.s.boot.tomcat.TomcatWebServer - Tomcat initialized with port 8080 (http)
2026-02-26 22:42:22 [restartedMain] INFO  o.a.catalina.core.StandardService - Starting service [Tomcat]
2026-02-26 22:42:22 [restartedMain] INFO  o.a.catalina.core.StandardEngine - Starting Servlet engine: [Apache Tomcat/11.0.18]
2026-02-26 22:42:22 [restartedMain] INFO  o.s.b.w.c.s.WebApplicationContextInitializer - Root WebApplicationContext: initialization completed in 251 ms
2026-02-26 22:42:22 [restartedMain] INFO  org.hibernate.orm.jpa - HHH008540: Processing PersistenceUnitInfo [name: default]
2026-02-26 22:42:22 [restartedMain] INFO  o.s.o.j.p.SpringPersistenceUnitInfo - No LoadTimeWeaver setup: ignoring JPA class transformer
2026-02-26 22:42:22 [restartedMain] INFO  com.zaxxer.hikari.HikariDataSource - HikariPool-44 - Starting...
2026-02-26 22:42:22 [restartedMain] INFO  com.zaxxer.hikari.pool.HikariPool - HikariPool-44 - Added connection org.postgresql.jdbc.PgConnection@7b9e7d0a
2026-02-26 22:42:22 [restartedMain] INFO  com.zaxxer.hikari.HikariDataSource - HikariPool-44 - Start completed.
2026-02-26 22:42:22 [restartedMain] WARN  org.hibernate.orm.deprecation - HHH90000025: PostgreSQLDialect does not need to be specified explicitly using 'hibernate.dialect' (remove the property setting and it will be selected by default)
2026-02-26 22:42:22 [restartedMain] INFO  o.hibernate.orm.connections.pooling - HHH10001005: Database info:
	Database JDBC URL [jdbc:postgresql://10.0.1.9:5438/omniflow]
	Database driver: PostgreSQL JDBC Driver
	Database dialect: PostgreSQLDialect
	Database version: 16.2
	Default catalog/schema: omniflow/public
	Autocommit mode: undefined/unknown
	Isolation level: READ_COMMITTED [default READ_COMMITTED]
	JDBC fetch size: none
	Pool: DataSourceConnectionProvider
	Minimum pool size: undefined/unknown
	Maximum pool size: undefined/unknown
2026-02-26 22:42:22 [restartedMain] WARN  org.hibernate.orm.core - HHH000038: Composite id class does not override equals(): br.com.pc.omniflow.domain.model.EstoqueSaldoId
2026-02-26 22:42:22 [restartedMain] INFO  org.hibernate.orm.core - HHH000489: No JTA platform available (set 'hibernate.transaction.jta.platform' to enable JTA platform integration)
2026-02-26 22:42:23 [restartedMain] INFO  o.s.o.j.LocalContainerEntityManagerFactoryBean - Initialized JPA EntityManagerFactory for persistence unit 'default'
2026-02-26 22:42:23 [restartedMain] WARN  o.s.b.j.a.JpaBaseConfiguration$JpaWebConfiguration - spring.jpa.open-in-view is enabled by default. Therefore, database queries may be performed during view rendering. Explicitly configure spring.jpa.open-in-view to disable this warning
2026-02-26 22:42:24 [restartedMain] INFO  o.s.boot.tomcat.TomcatWebServer - Tomcat started on port 8080 (http) with context path '/'
2026-02-26 22:42:24 [restartedMain] INFO  b.c.pc.omniflow.OmniflowApplication - Started OmniflowApplication in 1.821 seconds (process running for 5687.459)
2026-02-26 22:42:24 [restartedMain] INFO  b.c.p.omniflow.service.NfeXmlService - Recebido arquivo para importação: 
2026-02-26 22:42:24 [restartedMain] INFO  b.c.p.omniflow.service.NfeXmlService - Formato de arquivo não suportado: 
2026-02-26 22:42:24 [restartedMain] INFO  o.s.b.d.a.ConditionEvaluationDeltaLoggingListener - Condition evaluation unchanged
2026-02-26 22:52:30 [File Watcher] INFO  o.s.b.d.a.LocalDevToolsAutoConfiguration$RestartingClassPathChangeChangedEventListener - Restarting due to 1 class path change (1 addition, 0 deletions, 0 modifications)
2026-02-26 22:52:30 [Thread-166] INFO  o.s.boot.tomcat.GracefulShutdown - Commencing graceful shutdown. Waiting for active requests to complete
2026-02-26 22:52:30 [tomcat-shutdown] INFO  o.s.boot.tomcat.GracefulShutdown - Graceful shutdown complete
2026-02-26 22:52:30 [Thread-166] INFO  o.s.o.j.LocalContainerEntityManagerFactoryBean - Closing JPA EntityManagerFactory for persistence unit 'default'
2026-02-26 22:52:31 [Thread-166] INFO  com.zaxxer.hikari.HikariDataSource - HikariPool-44 - Shutdown initiated...
2026-02-26 22:52:31 [Thread-166] INFO  com.zaxxer.hikari.HikariDataSource - HikariPool-44 - Shutdown completed.
2026-02-26 22:52:31 [restartedMain] INFO  b.c.pc.omniflow.OmniflowApplication - Starting OmniflowApplication using Java 17.0.15 with PID 1388877 (/home/paulo/Documentos/projetos/omniflow/target/classes started by paulo in /home/paulo/Documentos/projetos/omniflow)
2026-02-26 22:52:31 [restartedMain] DEBUG b.c.pc.omniflow.OmniflowApplication - Running with Spring Boot v4.0.3, Spring v7.0.5
2026-02-26 22:52:31 [restartedMain] INFO  b.c.pc.omniflow.OmniflowApplication - The following 1 profile is active: "dev"
2026-02-26 22:52:31 [restartedMain] INFO  o.s.d.r.c.RepositoryConfigurationDelegate - Bootstrapping Spring Data JPA repositories in DEFAULT mode.
2026-02-26 22:52:31 [restartedMain] INFO  o.s.d.r.c.RepositoryConfigurationDelegate - Finished Spring Data repository scanning in 21 ms. Found 14 JPA repository interfaces.
2026-02-26 22:52:31 [restartedMain] INFO  o.s.boot.tomcat.TomcatWebServer - Tomcat initialized with port 8080 (http)
2026-02-26 22:52:31 [restartedMain] INFO  o.a.catalina.core.StandardService - Starting service [Tomcat]
2026-02-26 22:52:31 [restartedMain] INFO  o.a.catalina.core.StandardEngine - Starting Servlet engine: [Apache Tomcat/11.0.18]
2026-02-26 22:52:31 [restartedMain] INFO  o.s.b.w.c.s.WebApplicationContextInitializer - Root WebApplicationContext: initialization completed in 249 ms
2026-02-26 22:52:31 [restartedMain] INFO  org.hibernate.orm.jpa - HHH008540: Processing PersistenceUnitInfo [name: default]
2026-02-26 22:52:31 [restartedMain] INFO  o.s.o.j.p.SpringPersistenceUnitInfo - No LoadTimeWeaver setup: ignoring JPA class transformer
2026-02-26 22:52:31 [restartedMain] INFO  com.zaxxer.hikari.HikariDataSource - HikariPool-45 - Starting...
2026-02-26 22:52:31 [restartedMain] INFO  com.zaxxer.hikari.pool.HikariPool - HikariPool-45 - Added connection org.postgresql.jdbc.PgConnection@5420fa
2026-02-26 22:52:31 [restartedMain] INFO  com.zaxxer.hikari.HikariDataSource - HikariPool-45 - Start completed.
2026-02-26 22:52:31 [restartedMain] WARN  org.hibernate.orm.deprecation - HHH90000025: PostgreSQLDialect does not need to be specified explicitly using 'hibernate.dialect' (remove the property setting and it will be selected by default)
2026-02-26 22:52:31 [restartedMain] INFO  o.hibernate.orm.connections.pooling - HHH10001005: Database info:
	Database JDBC URL [jdbc:postgresql://10.0.1.9:5438/omniflow]
	Database driver: PostgreSQL JDBC Driver
	Database dialect: PostgreSQLDialect
	Database version: 16.2
	Default catalog/schema: omniflow/public
	Autocommit mode: undefined/unknown
	Isolation level: READ_COMMITTED [default READ_COMMITTED]
	JDBC fetch size: none
	Pool: DataSourceConnectionProvider
	Minimum pool size: undefined/unknown
	Maximum pool size: undefined/unknown
2026-02-26 22:52:32 [restartedMain] WARN  org.hibernate.orm.core - HHH000038: Composite id class does not override equals(): br.com.pc.omniflow.domain.model.EstoqueSaldoId
2026-02-26 22:52:32 [restartedMain] INFO  org.hibernate.orm.core - HHH000489: No JTA platform available (set 'hibernate.transaction.jta.platform' to enable JTA platform integration)
2026-02-26 22:52:33 [restartedMain] INFO  o.s.o.j.LocalContainerEntityManagerFactoryBean - Initialized JPA EntityManagerFactory for persistence unit 'default'
2026-02-26 22:52:33 [restartedMain] WARN  o.s.b.j.a.JpaBaseConfiguration$JpaWebConfiguration - spring.jpa.open-in-view is enabled by default. Therefore, database queries may be performed during view rendering. Explicitly configure spring.jpa.open-in-view to disable this warning
2026-02-26 22:52:33 [restartedMain] INFO  o.s.boot.tomcat.TomcatWebServer - Tomcat started on port 8080 (http) with context path '/'
2026-02-26 22:52:33 [restartedMain] INFO  b.c.pc.omniflow.OmniflowApplication - Started OmniflowApplication in 2.14 seconds (process running for 6296.956)
2026-02-26 22:52:33 [restartedMain] INFO  b.c.p.omniflow.service.NfeXmlService - Recebido arquivo para importação: 
2026-02-26 22:52:33 [restartedMain] INFO  b.c.p.omniflow.service.NfeXmlService - Formato de arquivo não suportado: 
2026-02-26 22:52:33 [restartedMain] INFO  o.s.b.d.a.ConditionEvaluationDeltaLoggingListener - Condition evaluation unchanged
2026-02-26 22:52:46 [File Watcher] INFO  o.s.b.d.a.LocalDevToolsAutoConfiguration$RestartingClassPathChangeChangedEventListener - Restarting due to 1 class path change (0 additions, 0 deletions, 1 modification)
2026-02-26 22:52:46 [Thread-173] INFO  o.s.boot.tomcat.GracefulShutdown - Commencing graceful shutdown. Waiting for active requests to complete
2026-02-26 22:52:46 [tomcat-shutdown] INFO  o.s.boot.tomcat.GracefulShutdown - Graceful shutdown complete
2026-02-26 22:52:46 [Thread-173] INFO  o.s.o.j.LocalContainerEntityManagerFactoryBean - Closing JPA EntityManagerFactory for persistence unit 'default'
2026-02-26 22:52:46 [Thread-173] INFO  com.zaxxer.hikari.HikariDataSource - HikariPool-45 - Shutdown initiated...
2026-02-26 22:52:46 [Thread-173] INFO  com.zaxxer.hikari.HikariDataSource - HikariPool-45 - Shutdown completed.
2026-02-26 22:52:47 [restartedMain] INFO  b.c.pc.omniflow.OmniflowApplication - Starting OmniflowApplication using Java 17.0.15 with PID 1388877 (/home/paulo/Documentos/projetos/omniflow/target/classes started by paulo in /home/paulo/Documentos/projetos/omniflow)
2026-02-26 22:52:47 [restartedMain] DEBUG b.c.pc.omniflow.OmniflowApplication - Running with Spring Boot v4.0.3, Spring v7.0.5
2026-02-26 22:52:47 [restartedMain] INFO  b.c.pc.omniflow.OmniflowApplication - The following 1 profile is active: "dev"
2026-02-26 22:52:47 [restartedMain] INFO  o.s.d.r.c.RepositoryConfigurationDelegate - Bootstrapping Spring Data JPA repositories in DEFAULT mode.
2026-02-26 22:52:47 [restartedMain] INFO  o.s.d.r.c.RepositoryConfigurationDelegate - Finished Spring Data repository scanning in 28 ms. Found 14 JPA repository interfaces.
2026-02-26 22:52:47 [restartedMain] INFO  o.s.boot.tomcat.TomcatWebServer - Tomcat initialized with port 8080 (http)
2026-02-26 22:52:47 [restartedMain] INFO  o.a.catalina.core.StandardService - Starting service [Tomcat]
2026-02-26 22:52:47 [restartedMain] INFO  o.a.catalina.core.StandardEngine - Starting Servlet engine: [Apache Tomcat/11.0.18]
2026-02-26 22:52:47 [restartedMain] INFO  o.s.b.w.c.s.WebApplicationContextInitializer - Root WebApplicationContext: initialization completed in 316 ms
2026-02-26 22:52:47 [restartedMain] INFO  org.hibernate.orm.jpa - HHH008540: Processing PersistenceUnitInfo [name: default]
2026-02-26 22:52:47 [restartedMain] INFO  o.s.o.j.p.SpringPersistenceUnitInfo - No LoadTimeWeaver setup: ignoring JPA class transformer
2026-02-26 22:52:47 [restartedMain] INFO  com.zaxxer.hikari.HikariDataSource - HikariPool-46 - Starting...
2026-02-26 22:52:47 [restartedMain] INFO  com.zaxxer.hikari.pool.HikariPool - HikariPool-46 - Added connection org.postgresql.jdbc.PgConnection@11b41523
2026-02-26 22:52:47 [restartedMain] INFO  com.zaxxer.hikari.HikariDataSource - HikariPool-46 - Start completed.
2026-02-26 22:52:47 [restartedMain] WARN  org.hibernate.orm.deprecation - HHH90000025: PostgreSQLDialect does not need to be specified explicitly using 'hibernate.dialect' (remove the property setting and it will be selected by default)
2026-02-26 22:52:47 [restartedMain] INFO  o.hibernate.orm.connections.pooling - HHH10001005: Database info:
	Database JDBC URL [jdbc:postgresql://10.0.1.9:5438/omniflow]
	Database driver: PostgreSQL JDBC Driver
	Database dialect: PostgreSQLDialect
	Database version: 16.2
	Default catalog/schema: omniflow/public
	Autocommit mode: undefined/unknown
	Isolation level: READ_COMMITTED [default READ_COMMITTED]
	JDBC fetch size: none
	Pool: DataSourceConnectionProvider
	Minimum pool size: undefined/unknown
	Maximum pool size: undefined/unknown
2026-02-26 22:52:47 [restartedMain] WARN  org.hibernate.orm.core - HHH000038: Composite id class does not override equals(): br.com.pc.omniflow.domain.model.EstoqueSaldoId
2026-02-26 22:52:47 [restartedMain] INFO  org.hibernate.orm.core - HHH000489: No JTA platform available (set 'hibernate.transaction.jta.platform' to enable JTA platform integration)
2026-02-26 22:52:48 [restartedMain] INFO  o.s.o.j.LocalContainerEntityManagerFactoryBean - Initialized JPA EntityManagerFactory for persistence unit 'default'
2026-02-26 22:52:49 [restartedMain] WARN  o.s.b.j.a.JpaBaseConfiguration$JpaWebConfiguration - spring.jpa.open-in-view is enabled by default. Therefore, database queries may be performed during view rendering. Explicitly configure spring.jpa.open-in-view to disable this warning
2026-02-26 22:52:49 [restartedMain] INFO  o.s.boot.tomcat.TomcatWebServer - Tomcat started on port 8080 (http) with context path '/'
2026-02-26 22:52:49 [restartedMain] INFO  b.c.pc.omniflow.OmniflowApplication - Started OmniflowApplication in 2.172 seconds (process running for 6312.611)
2026-02-26 22:52:49 [restartedMain] INFO  b.c.p.omniflow.service.NfeXmlService - Recebido arquivo para importação: 
2026-02-26 22:52:49 [restartedMain] INFO  b.c.p.omniflow.service.NfeXmlService - Formato de arquivo não suportado: 
2026-02-26 22:52:49 [restartedMain] INFO  o.s.b.d.a.ConditionEvaluationDeltaLoggingListener - Condition evaluation unchanged
2026-02-26 22:53:00 [File Watcher] INFO  o.s.b.d.a.LocalDevToolsAutoConfiguration$RestartingClassPathChangeChangedEventListener - Restarting due to 1 class path change (0 additions, 1 deletion, 0 modifications)
2026-02-26 22:53:00 [Thread-177] INFO  o.s.boot.tomcat.GracefulShutdown - Commencing graceful shutdown. Waiting for active requests to complete
2026-02-26 22:53:00 [tomcat-shutdown] INFO  o.s.boot.tomcat.GracefulShutdown - Graceful shutdown complete
2026-02-26 22:53:00 [Thread-177] INFO  o.s.o.j.LocalContainerEntityManagerFactoryBean - Closing JPA EntityManagerFactory for persistence unit 'default'
2026-02-26 22:53:01 [Thread-177] INFO  com.zaxxer.hikari.HikariDataSource - HikariPool-46 - Shutdown initiated...
2026-02-26 22:53:01 [Thread-177] INFO  com.zaxxer.hikari.HikariDataSource - HikariPool-46 - Shutdown completed.
2026-02-26 22:53:01 [restartedMain] INFO  b.c.pc.omniflow.OmniflowApplication - Starting OmniflowApplication using Java 17.0.15 with PID 1388877 (/home/paulo/Documentos/projetos/omniflow/target/classes started by paulo in /home/paulo/Documentos/projetos/omniflow)
2026-02-26 22:53:01 [restartedMain] DEBUG b.c.pc.omniflow.OmniflowApplication - Running with Spring Boot v4.0.3, Spring v7.0.5
2026-02-26 22:53:01 [restartedMain] INFO  b.c.pc.omniflow.OmniflowApplication - The following 1 profile is active: "dev"
2026-02-26 22:53:01 [restartedMain] INFO  o.s.d.r.c.RepositoryConfigurationDelegate - Bootstrapping Spring Data JPA repositories in DEFAULT mode.
2026-02-26 22:53:01 [restartedMain] INFO  o.s.d.r.c.RepositoryConfigurationDelegate - Finished Spring Data repository scanning in 19 ms. Found 14 JPA repository interfaces.
2026-02-26 22:53:01 [restartedMain] INFO  o.s.boot.tomcat.TomcatWebServer - Tomcat initialized with port 8080 (http)
2026-02-26 22:53:01 [restartedMain] INFO  o.a.catalina.core.StandardService - Starting service [Tomcat]
2026-02-26 22:53:01 [restartedMain] INFO  o.a.catalina.core.StandardEngine - Starting Servlet engine: [Apache Tomcat/11.0.18]
2026-02-26 22:53:01 [restartedMain] INFO  o.s.b.w.c.s.WebApplicationContextInitializer - Root WebApplicationContext: initialization completed in 250 ms
2026-02-26 22:53:01 [restartedMain] INFO  org.hibernate.orm.jpa - HHH008540: Processing PersistenceUnitInfo [name: default]
2026-02-26 22:53:01 [restartedMain] INFO  o.s.o.j.p.SpringPersistenceUnitInfo - No LoadTimeWeaver setup: ignoring JPA class transformer
2026-02-26 22:53:01 [restartedMain] INFO  com.zaxxer.hikari.HikariDataSource - HikariPool-47 - Starting...
2026-02-26 22:53:01 [restartedMain] INFO  com.zaxxer.hikari.pool.HikariPool - HikariPool-47 - Added connection org.postgresql.jdbc.PgConnection@365f314f
2026-02-26 22:53:01 [restartedMain] INFO  com.zaxxer.hikari.HikariDataSource - HikariPool-47 - Start completed.
2026-02-26 22:53:01 [restartedMain] WARN  org.hibernate.orm.deprecation - HHH90000025: PostgreSQLDialect does not need to be specified explicitly using 'hibernate.dialect' (remove the property setting and it will be selected by default)
2026-02-26 22:53:01 [restartedMain] INFO  o.hibernate.orm.connections.pooling - HHH10001005: Database info:
	Database JDBC URL [jdbc:postgresql://10.0.1.9:5438/omniflow]
	Database driver: PostgreSQL JDBC Driver
	Database dialect: PostgreSQLDialect
	Database version: 16.2
	Default catalog/schema: omniflow/public
	Autocommit mode: undefined/unknown
	Isolation level: READ_COMMITTED [default READ_COMMITTED]
	JDBC fetch size: none
	Pool: DataSourceConnectionProvider
	Minimum pool size: undefined/unknown
	Maximum pool size: undefined/unknown
2026-02-26 22:53:01 [restartedMain] WARN  org.hibernate.orm.core - HHH000038: Composite id class does not override equals(): br.com.pc.omniflow.domain.model.EstoqueSaldoId
2026-02-26 22:53:01 [restartedMain] INFO  org.hibernate.orm.core - HHH000489: No JTA platform available (set 'hibernate.transaction.jta.platform' to enable JTA platform integration)
2026-02-26 22:53:02 [restartedMain] INFO  o.s.o.j.LocalContainerEntityManagerFactoryBean - Initialized JPA EntityManagerFactory for persistence unit 'default'
2026-02-26 22:53:03 [restartedMain] WARN  o.s.b.j.a.JpaBaseConfiguration$JpaWebConfiguration - spring.jpa.open-in-view is enabled by default. Therefore, database queries may be performed during view rendering. Explicitly configure spring.jpa.open-in-view to disable this warning
2026-02-26 22:53:03 [restartedMain] INFO  o.s.boot.tomcat.TomcatWebServer - Tomcat started on port 8080 (http) with context path '/'
2026-02-26 22:53:03 [restartedMain] INFO  b.c.pc.omniflow.OmniflowApplication - Started OmniflowApplication in 2.321 seconds (process running for 6327.079)
2026-02-26 22:53:03 [restartedMain] INFO  b.c.p.omniflow.service.NfeXmlService - Recebido arquivo para importação: 
2026-02-26 22:53:03 [restartedMain] INFO  b.c.p.omniflow.service.NfeXmlService - Formato de arquivo não suportado: 
2026-02-26 22:53:03 [restartedMain] INFO  o.s.b.d.a.ConditionEvaluationDeltaLoggingListener - Condition evaluation unchanged
2026-02-26 22:53:18 [File Watcher] INFO  o.s.b.d.a.LocalDevToolsAutoConfiguration$RestartingClassPathChangeChangedEventListener - Restarting due to 2 class path changes (0 additions, 2 deletions, 0 modifications)
2026-02-26 22:53:18 [Thread-181] INFO  o.s.boot.tomcat.GracefulShutdown - Commencing graceful shutdown. Waiting for active requests to complete
2026-02-26 22:53:18 [tomcat-shutdown] INFO  o.s.boot.tomcat.GracefulShutdown - Graceful shutdown complete
2026-02-26 22:53:18 [Thread-181] INFO  o.s.o.j.LocalContainerEntityManagerFactoryBean - Closing JPA EntityManagerFactory for persistence unit 'default'
2026-02-26 22:53:19 [Thread-181] INFO  com.zaxxer.hikari.HikariDataSource - HikariPool-47 - Shutdown initiated...
2026-02-26 22:53:19 [Thread-181] INFO  com.zaxxer.hikari.HikariDataSource - HikariPool-47 - Shutdown completed.
2026-02-26 22:53:19 [restartedMain] INFO  b.c.pc.omniflow.OmniflowApplication - Starting OmniflowApplication using Java 17.0.15 with PID 1388877 (/home/paulo/Documentos/projetos/omniflow/target/classes started by paulo in /home/paulo/Documentos/projetos/omniflow)
2026-02-26 22:53:19 [restartedMain] DEBUG b.c.pc.omniflow.OmniflowApplication - Running with Spring Boot v4.0.3, Spring v7.0.5
2026-02-26 22:53:19 [restartedMain] INFO  b.c.pc.omniflow.OmniflowApplication - The following 1 profile is active: "dev"
2026-02-26 22:53:19 [restartedMain] INFO  o.s.d.r.c.RepositoryConfigurationDelegate - Bootstrapping Spring Data JPA repositories in DEFAULT mode.
2026-02-26 22:53:19 [restartedMain] INFO  o.s.d.r.c.RepositoryConfigurationDelegate - Finished Spring Data repository scanning in 20 ms. Found 13 JPA repository interfaces.
2026-02-26 22:53:19 [restartedMain] INFO  o.s.boot.tomcat.TomcatWebServer - Tomcat initialized with port 8080 (http)
2026-02-26 22:53:19 [restartedMain] INFO  o.a.catalina.core.StandardService - Starting service [Tomcat]
2026-02-26 22:53:19 [restartedMain] INFO  o.a.catalina.core.StandardEngine - Starting Servlet engine: [Apache Tomcat/11.0.18]
2026-02-26 22:53:19 [restartedMain] INFO  o.s.b.w.c.s.WebApplicationContextInitializer - Root WebApplicationContext: initialization completed in 230 ms
2026-02-26 22:53:19 [restartedMain] INFO  org.hibernate.orm.jpa - HHH008540: Processing PersistenceUnitInfo [name: default]
2026-02-26 22:53:19 [restartedMain] INFO  o.s.o.j.p.SpringPersistenceUnitInfo - No LoadTimeWeaver setup: ignoring JPA class transformer
2026-02-26 22:53:19 [restartedMain] INFO  com.zaxxer.hikari.HikariDataSource - HikariPool-48 - Starting...
2026-02-26 22:53:19 [restartedMain] INFO  com.zaxxer.hikari.pool.HikariPool - HikariPool-48 - Added connection org.postgresql.jdbc.PgConnection@268db3de
2026-02-26 22:53:19 [restartedMain] INFO  com.zaxxer.hikari.HikariDataSource - HikariPool-48 - Start completed.
2026-02-26 22:53:19 [restartedMain] WARN  org.hibernate.orm.deprecation - HHH90000025: PostgreSQLDialect does not need to be specified explicitly using 'hibernate.dialect' (remove the property setting and it will be selected by default)
2026-02-26 22:53:19 [restartedMain] INFO  o.hibernate.orm.connections.pooling - HHH10001005: Database info:
	Database JDBC URL [jdbc:postgresql://10.0.1.9:5438/omniflow]
	Database driver: PostgreSQL JDBC Driver
	Database dialect: PostgreSQLDialect
	Database version: 16.2
	Default catalog/schema: omniflow/public
	Autocommit mode: undefined/unknown
	Isolation level: READ_COMMITTED [default READ_COMMITTED]
	JDBC fetch size: none
	Pool: DataSourceConnectionProvider
	Minimum pool size: undefined/unknown
	Maximum pool size: undefined/unknown
2026-02-26 22:53:20 [restartedMain] WARN  org.hibernate.orm.core - HHH000038: Composite id class does not override equals(): br.com.pc.omniflow.domain.model.EstoqueSaldoId
2026-02-26 22:53:20 [restartedMain] INFO  org.hibernate.orm.core - HHH000489: No JTA platform available (set 'hibernate.transaction.jta.platform' to enable JTA platform integration)
2026-02-26 22:53:21 [restartedMain] INFO  o.s.o.j.LocalContainerEntityManagerFactoryBean - Initialized JPA EntityManagerFactory for persistence unit 'default'
2026-02-26 22:53:21 [restartedMain] WARN  o.s.b.w.s.s.c.AnnotationConfigServletWebServerApplicationContext - Exception encountered during context initialization - cancelling refresh attempt: org.springframework.beans.factory.UnsatisfiedDependencyException: Error creating bean with name 'omniflowApplication': Unsatisfied dependency expressed through field 'zTesteNfeArquivoService': Error creating bean with name 'ZTesteNfeArquivoService': Resolution of declared constructors on bean Class [br.com.pc.omniflow.service.ZTesteNfeArquivoService] from ClassLoader [org.springframework.boot.devtools.restart.classloader.RestartClassLoader@4d74e775] failed
2026-02-26 22:53:21 [restartedMain] INFO  o.s.o.j.LocalContainerEntityManagerFactoryBean - Closing JPA EntityManagerFactory for persistence unit 'default'
2026-02-26 22:53:21 [restartedMain] INFO  com.zaxxer.hikari.HikariDataSource - HikariPool-48 - Shutdown initiated...
2026-02-26 22:53:21 [restartedMain] INFO  com.zaxxer.hikari.HikariDataSource - HikariPool-48 - Shutdown completed.
2026-02-26 22:53:21 [restartedMain] INFO  o.a.catalina.core.StandardService - Stopping service [Tomcat]
2026-02-26 22:53:21 [restartedMain] INFO  o.s.b.a.l.ConditionEvaluationReportLogger - 

Error starting ApplicationContext. To display the condition evaluation report re-run your application with 'debug' enabled.
2026-02-26 22:53:21 [restartedMain] ERROR o.s.boot.SpringApplication - Application run failed
org.springframework.beans.factory.UnsatisfiedDependencyException: Error creating bean with name 'omniflowApplication': Unsatisfied dependency expressed through field 'zTesteNfeArquivoService': Error creating bean with name 'ZTesteNfeArquivoService': Resolution of declared constructors on bean Class [br.com.pc.omniflow.service.ZTesteNfeArquivoService] from ClassLoader [org.springframework.boot.devtools.restart.classloader.RestartClassLoader@4d74e775] failed
	at org.springframework.beans.factory.annotation.AutowiredAnnotationBeanPostProcessor$AutowiredFieldElement.resolveFieldValue(AutowiredAnnotationBeanPostProcessor.java:767)
	at org.springframework.beans.factory.annotation.AutowiredAnnotationBeanPostProcessor$AutowiredFieldElement.inject(AutowiredAnnotationBeanPostProcessor.java:748)
	at org.springframework.beans.factory.annotation.InjectionMetadata.inject(InjectionMetadata.java:146)
	at org.springframework.beans.factory.annotation.AutowiredAnnotationBeanPostProcessor.postProcessProperties(AutowiredAnnotationBeanPostProcessor.java:493)
	at org.springframework.beans.factory.support.AbstractAutowireCapableBeanFactory.populateBean(AbstractAutowireCapableBeanFactory.java:1446)
	at org.springframework.beans.factory.support.AbstractAutowireCapableBeanFactory.doCreateBean(AbstractAutowireCapableBeanFactory.java:602)
	at org.springframework.beans.factory.support.AbstractAutowireCapableBeanFactory.createBean(AbstractAutowireCapableBeanFactory.java:525)
	at org.springframework.beans.factory.support.AbstractBeanFactory.lambda$doGetBean$0(AbstractBeanFactory.java:333)
	at org.springframework.beans.factory.support.DefaultSingletonBeanRegistry.getSingleton(DefaultSingletonBeanRegistry.java:371)
	at org.springframework.beans.factory.support.AbstractBeanFactory.doGetBean(AbstractBeanFactory.java:331)
	at org.springframework.beans.factory.support.AbstractBeanFactory.getBean(AbstractBeanFactory.java:196)
	at org.springframework.beans.factory.support.DefaultListableBeanFactory.instantiateSingleton(DefaultListableBeanFactory.java:1218)
	at org.springframework.beans.factory.support.DefaultListableBeanFactory.preInstantiateSingleton(DefaultListableBeanFactory.java:1184)
	at org.springframework.beans.factory.support.DefaultListableBeanFactory.preInstantiateSingletons(DefaultListableBeanFactory.java:1121)
	at org.springframework.context.support.AbstractApplicationContext.finishBeanFactoryInitialization(AbstractApplicationContext.java:994)
	at org.springframework.context.support.AbstractApplicationContext.refresh(AbstractApplicationContext.java:621)
	at org.springframework.boot.web.server.servlet.context.ServletWebServerApplicationContext.refresh(ServletWebServerApplicationContext.java:143)
	at org.springframework.boot.SpringApplication.refresh(SpringApplication.java:756)
	at org.springframework.boot.SpringApplication.refreshContext(SpringApplication.java:445)
	at org.springframework.boot.SpringApplication.run(SpringApplication.java:321)
	at org.springframework.boot.SpringApplication.run(SpringApplication.java:1365)
	at org.springframework.boot.SpringApplication.run(SpringApplication.java:1354)
	at br.com.pc.omniflow.OmniflowApplication.main(OmniflowApplication.java:15)
	at java.base/jdk.internal.reflect.NativeMethodAccessorImpl.invoke0(Native Method)
	at java.base/jdk.internal.reflect.NativeMethodAccessorImpl.invoke(NativeMethodAccessorImpl.java:77)
	at java.base/jdk.internal.reflect.DelegatingMethodAccessorImpl.invoke(DelegatingMethodAccessorImpl.java:43)
	at java.base/java.lang.reflect.Method.invoke(Method.java:569)
	at org.springframework.boot.devtools.restart.RestartLauncher.run(RestartLauncher.java:52)
Caused by: org.springframework.beans.factory.BeanCreationException: Error creating bean with name 'ZTesteNfeArquivoService': Resolution of declared constructors on bean Class [br.com.pc.omniflow.service.ZTesteNfeArquivoService] from ClassLoader [org.springframework.boot.devtools.restart.classloader.RestartClassLoader@4d74e775] failed
	at org.springframework.beans.factory.annotation.AutowiredAnnotationBeanPostProcessor.determineCandidateConstructors(AutowiredAnnotationBeanPostProcessor.java:368)
	at org.springframework.beans.factory.support.AbstractAutowireCapableBeanFactory.determineConstructorsFromBeanPostProcessors(AbstractAutowireCapableBeanFactory.java:1321)
	at org.springframework.beans.factory.support.AbstractAutowireCapableBeanFactory.createBeanInstance(AbstractAutowireCapableBeanFactory.java:1218)
	at org.springframework.beans.factory.support.AbstractAutowireCapableBeanFactory.doCreateBean(AbstractAutowireCapableBeanFactory.java:565)
	at org.springframework.beans.factory.support.AbstractAutowireCapableBeanFactory.createBean(AbstractAutowireCapableBeanFactory.java:525)
	at org.springframework.beans.factory.support.AbstractBeanFactory.lambda$doGetBean$0(AbstractBeanFactory.java:333)
	at org.springframework.beans.factory.support.DefaultSingletonBeanRegistry.getSingleton(DefaultSingletonBeanRegistry.java:371)
	at org.springframework.beans.factory.support.AbstractBeanFactory.doGetBean(AbstractBeanFactory.java:331)
	at org.springframework.beans.factory.support.AbstractBeanFactory.getBean(AbstractBeanFactory.java:201)
	at org.springframework.beans.factory.config.DependencyDescriptor.resolveCandidate(DependencyDescriptor.java:229)
	at org.springframework.beans.factory.support.DefaultListableBeanFactory.doResolveDependency(DefaultListableBeanFactory.java:1762)
	at org.springframework.beans.factory.support.DefaultListableBeanFactory.resolveDependency(DefaultListableBeanFactory.java:1651)
	at org.springframework.beans.factory.annotation.AutowiredAnnotationBeanPostProcessor$AutowiredFieldElement.resolveFieldValue(AutowiredAnnotationBeanPostProcessor.java:764)
	... 27 common frames omitted
Caused by: java.lang.NoClassDefFoundError: br/com/pc/omniflow/domain/repository/NfeXmlRepository
	at java.base/java.lang.Class.getDeclaredConstructors0(Native Method)
	at java.base/java.lang.Class.privateGetDeclaredConstructors(Class.java:3373)
	at java.base/java.lang.Class.getDeclaredConstructors(Class.java:2555)
	at org.springframework.beans.factory.annotation.AutowiredAnnotationBeanPostProcessor.determineCandidateConstructors(AutowiredAnnotationBeanPostProcessor.java:363)
	... 39 common frames omitted
Caused by: java.lang.ClassNotFoundException: br.com.pc.omniflow.domain.repository.NfeXmlRepository
	at java.base/jdk.internal.loader.BuiltinClassLoader.loadClass(BuiltinClassLoader.java:641)
	at java.base/jdk.internal.loader.ClassLoaders$AppClassLoader.loadClass(ClassLoaders.java:188)
	at java.base/java.lang.ClassLoader.loadClass(ClassLoader.java:525)
	at java.base/java.lang.Class.forName0(Native Method)
	at java.base/java.lang.Class.forName(Class.java:467)
	at org.springframework.boot.devtools.restart.classloader.RestartClassLoader.loadClass(RestartClassLoader.java:123)
	at java.base/java.lang.ClassLoader.loadClass(ClassLoader.java:525)
	... 43 common frames omitted
2026-02-26 22:55:12 [restartedMain] INFO  b.c.pc.omniflow.OmniflowApplication - Starting OmniflowApplication using Java 17.0.15 with PID 1388877 (/home/paulo/Documentos/projetos/omniflow/target/classes started by paulo in /home/paulo/Documentos/projetos/omniflow)
2026-02-26 22:55:12 [restartedMain] DEBUG b.c.pc.omniflow.OmniflowApplication - Running with Spring Boot v4.0.3, Spring v7.0.5
2026-02-26 22:55:12 [restartedMain] INFO  b.c.pc.omniflow.OmniflowApplication - The following 1 profile is active: "dev"
2026-02-26 22:55:12 [restartedMain] INFO  o.s.d.r.c.RepositoryConfigurationDelegate - Bootstrapping Spring Data JPA repositories in DEFAULT mode.
2026-02-26 22:55:12 [restartedMain] INFO  o.s.d.r.c.RepositoryConfigurationDelegate - Finished Spring Data repository scanning in 37 ms. Found 14 JPA repository interfaces.
2026-02-26 22:55:12 [restartedMain] INFO  o.s.boot.tomcat.TomcatWebServer - Tomcat initialized with port 8080 (http)
2026-02-26 22:55:12 [restartedMain] INFO  o.a.catalina.core.StandardService - Starting service [Tomcat]
2026-02-26 22:55:12 [restartedMain] INFO  o.a.catalina.core.StandardEngine - Starting Servlet engine: [Apache Tomcat/11.0.18]
2026-02-26 22:55:12 [restartedMain] INFO  o.s.b.w.c.s.WebApplicationContextInitializer - Root WebApplicationContext: initialization completed in 295 ms
2026-02-26 22:55:12 [restartedMain] INFO  org.hibernate.orm.jpa - HHH008540: Processing PersistenceUnitInfo [name: default]
2026-02-26 22:55:12 [restartedMain] INFO  o.s.o.j.p.SpringPersistenceUnitInfo - No LoadTimeWeaver setup: ignoring JPA class transformer
2026-02-26 22:55:12 [restartedMain] INFO  com.zaxxer.hikari.HikariDataSource - HikariPool-49 - Starting...
2026-02-26 22:55:12 [restartedMain] INFO  com.zaxxer.hikari.pool.HikariPool - HikariPool-49 - Added connection org.postgresql.jdbc.PgConnection@6af72f16
2026-02-26 22:55:12 [restartedMain] INFO  com.zaxxer.hikari.HikariDataSource - HikariPool-49 - Start completed.
2026-02-26 22:55:12 [restartedMain] WARN  org.hibernate.orm.deprecation - HHH90000025: PostgreSQLDialect does not need to be specified explicitly using 'hibernate.dialect' (remove the property setting and it will be selected by default)
2026-02-26 22:55:12 [restartedMain] INFO  o.hibernate.orm.connections.pooling - HHH10001005: Database info:
	Database JDBC URL [jdbc:postgresql://10.0.1.9:5438/omniflow]
	Database driver: PostgreSQL JDBC Driver
	Database dialect: PostgreSQLDialect
	Database version: 16.2
	Default catalog/schema: omniflow/public
	Autocommit mode: undefined/unknown
	Isolation level: READ_COMMITTED [default READ_COMMITTED]
	JDBC fetch size: none
	Pool: DataSourceConnectionProvider
	Minimum pool size: undefined/unknown
	Maximum pool size: undefined/unknown
2026-02-26 22:55:13 [restartedMain] WARN  org.hibernate.orm.core - HHH000038: Composite id class does not override equals(): br.com.pc.omniflow.domain.model.EstoqueSaldoId
2026-02-26 22:55:13 [restartedMain] INFO  org.hibernate.orm.core - HHH000489: No JTA platform available (set 'hibernate.transaction.jta.platform' to enable JTA platform integration)
2026-02-26 22:55:14 [restartedMain] INFO  o.s.o.j.LocalContainerEntityManagerFactoryBean - Initialized JPA EntityManagerFactory for persistence unit 'default'
2026-02-26 22:55:14 [restartedMain] WARN  o.s.b.j.a.JpaBaseConfiguration$JpaWebConfiguration - spring.jpa.open-in-view is enabled by default. Therefore, database queries may be performed during view rendering. Explicitly configure spring.jpa.open-in-view to disable this warning
2026-02-26 22:55:14 [restartedMain] INFO  o.s.boot.tomcat.TomcatWebServer - Tomcat started on port 8080 (http) with context path '/'
2026-02-26 22:55:14 [restartedMain] INFO  b.c.pc.omniflow.OmniflowApplication - Started OmniflowApplication in 1.89 seconds (process running for 6457.8)
2026-02-26 22:55:14 [restartedMain] INFO  b.c.p.omniflow.service.NfeXmlService - Recebido arquivo para importação: 
2026-02-26 22:55:14 [restartedMain] INFO  b.c.p.omniflow.service.NfeXmlService - Formato de arquivo não suportado: 
2026-02-26 22:55:14 [restartedMain] INFO  o.s.b.d.a.ConditionEvaluationDeltaLoggingListener - Condition evaluation unchanged
2026-02-26 23:06:47 [File Watcher] INFO  o.s.b.d.a.LocalDevToolsAutoConfiguration$RestartingClassPathChangeChangedEventListener - Restarting due to 1 class path change (1 addition, 0 deletions, 0 modifications)
2026-02-26 23:06:47 [Thread-185] INFO  o.s.boot.tomcat.GracefulShutdown - Commencing graceful shutdown. Waiting for active requests to complete
2026-02-26 23:06:47 [tomcat-shutdown] INFO  o.s.boot.tomcat.GracefulShutdown - Graceful shutdown complete
2026-02-26 23:06:47 [Thread-185] INFO  o.s.o.j.LocalContainerEntityManagerFactoryBean - Closing JPA EntityManagerFactory for persistence unit 'default'
2026-02-26 23:06:48 [Thread-185] INFO  com.zaxxer.hikari.HikariDataSource - HikariPool-49 - Shutdown initiated...
2026-02-26 23:06:48 [Thread-185] INFO  com.zaxxer.hikari.HikariDataSource - HikariPool-49 - Shutdown completed.
2026-02-26 23:06:48 [restartedMain] INFO  b.c.pc.omniflow.OmniflowApplication - Starting OmniflowApplication using Java 17.0.15 with PID 1388877 (/home/paulo/Documentos/projetos/omniflow/target/classes started by paulo in /home/paulo/Documentos/projetos/omniflow)
2026-02-26 23:06:48 [restartedMain] DEBUG b.c.pc.omniflow.OmniflowApplication - Running with Spring Boot v4.0.3, Spring v7.0.5
2026-02-26 23:06:48 [restartedMain] INFO  b.c.pc.omniflow.OmniflowApplication - The following 1 profile is active: "dev"
2026-02-26 23:06:48 [restartedMain] INFO  o.s.d.r.c.RepositoryConfigurationDelegate - Bootstrapping Spring Data JPA repositories in DEFAULT mode.
2026-02-26 23:06:48 [restartedMain] INFO  o.s.d.r.c.RepositoryConfigurationDelegate - Finished Spring Data repository scanning in 29 ms. Found 14 JPA repository interfaces.
2026-02-26 23:06:48 [restartedMain] INFO  o.s.boot.tomcat.TomcatWebServer - Tomcat initialized with port 8080 (http)
2026-02-26 23:06:48 [restartedMain] INFO  o.a.catalina.core.StandardService - Starting service [Tomcat]
2026-02-26 23:06:48 [restartedMain] INFO  o.a.catalina.core.StandardEngine - Starting Servlet engine: [Apache Tomcat/11.0.18]
2026-02-26 23:06:48 [restartedMain] INFO  o.s.b.w.c.s.WebApplicationContextInitializer - Root WebApplicationContext: initialization completed in 283 ms
2026-02-26 23:06:48 [restartedMain] INFO  org.hibernate.orm.jpa - HHH008540: Processing PersistenceUnitInfo [name: default]
2026-02-26 23:06:48 [restartedMain] INFO  o.s.o.j.p.SpringPersistenceUnitInfo - No LoadTimeWeaver setup: ignoring JPA class transformer
2026-02-26 23:06:48 [restartedMain] INFO  com.zaxxer.hikari.HikariDataSource - HikariPool-50 - Starting...
2026-02-26 23:06:48 [restartedMain] INFO  com.zaxxer.hikari.pool.HikariPool - HikariPool-50 - Added connection org.postgresql.jdbc.PgConnection@3b5084a5
2026-02-26 23:06:48 [restartedMain] INFO  com.zaxxer.hikari.HikariDataSource - HikariPool-50 - Start completed.
2026-02-26 23:06:48 [restartedMain] WARN  org.hibernate.orm.deprecation - HHH90000025: PostgreSQLDialect does not need to be specified explicitly using 'hibernate.dialect' (remove the property setting and it will be selected by default)
2026-02-26 23:06:48 [restartedMain] INFO  o.hibernate.orm.connections.pooling - HHH10001005: Database info:
	Database JDBC URL [jdbc:postgresql://10.0.1.9:5438/omniflow]
	Database driver: PostgreSQL JDBC Driver
	Database dialect: PostgreSQLDialect
	Database version: 16.2
	Default catalog/schema: omniflow/public
	Autocommit mode: undefined/unknown
	Isolation level: READ_COMMITTED [default READ_COMMITTED]
	JDBC fetch size: none
	Pool: DataSourceConnectionProvider
	Minimum pool size: undefined/unknown
	Maximum pool size: undefined/unknown
2026-02-26 23:06:48 [restartedMain] WARN  org.hibernate.orm.core - HHH000038: Composite id class does not override equals(): br.com.pc.omniflow.domain.model.EstoqueSaldoId
2026-02-26 23:06:49 [restartedMain] INFO  org.hibernate.orm.core - HHH000489: No JTA platform available (set 'hibernate.transaction.jta.platform' to enable JTA platform integration)
2026-02-26 23:06:49 [restartedMain] INFO  o.s.o.j.LocalContainerEntityManagerFactoryBean - Initialized JPA EntityManagerFactory for persistence unit 'default'
2026-02-26 23:06:50 [restartedMain] WARN  o.s.b.j.a.JpaBaseConfiguration$JpaWebConfiguration - spring.jpa.open-in-view is enabled by default. Therefore, database queries may be performed during view rendering. Explicitly configure spring.jpa.open-in-view to disable this warning
2026-02-26 23:06:50 [restartedMain] INFO  o.s.boot.tomcat.TomcatWebServer - Tomcat started on port 8080 (http) with context path '/'
2026-02-26 23:06:50 [restartedMain] INFO  b.c.pc.omniflow.OmniflowApplication - Started OmniflowApplication in 1.831 seconds (process running for 7153.606)
2026-02-26 23:06:50 [restartedMain] INFO  b.c.p.omniflow.service.NfeXmlService - Recebido arquivo para importação: 
2026-02-26 23:06:50 [restartedMain] INFO  b.c.p.omniflow.service.NfeXmlService - Formato de arquivo não suportado: 
2026-02-26 23:06:50 [restartedMain] INFO  o.s.b.d.a.ConditionEvaluationDeltaLoggingListener - Condition evaluation unchanged
2026-02-26 23:07:12 [File Watcher] INFO  o.s.b.d.a.LocalDevToolsAutoConfiguration$RestartingClassPathChangeChangedEventListener - Restarting due to 1 class path change (0 additions, 1 deletion, 0 modifications)
2026-02-26 23:07:12 [Thread-192] INFO  o.s.boot.tomcat.GracefulShutdown - Commencing graceful shutdown. Waiting for active requests to complete
2026-02-26 23:07:12 [tomcat-shutdown] INFO  o.s.boot.tomcat.GracefulShutdown - Graceful shutdown complete
2026-02-26 23:07:12 [Thread-192] INFO  o.s.o.j.LocalContainerEntityManagerFactoryBean - Closing JPA EntityManagerFactory for persistence unit 'default'
2026-02-26 23:07:13 [Thread-192] INFO  com.zaxxer.hikari.HikariDataSource - HikariPool-50 - Shutdown initiated...
2026-02-26 23:07:13 [Thread-192] INFO  com.zaxxer.hikari.HikariDataSource - HikariPool-50 - Shutdown completed.
2026-02-26 23:07:13 [restartedMain] INFO  b.c.pc.omniflow.OmniflowApplication - Starting OmniflowApplication using Java 17.0.15 with PID 1388877 (/home/paulo/Documentos/projetos/omniflow/target/classes started by paulo in /home/paulo/Documentos/projetos/omniflow)
2026-02-26 23:07:13 [restartedMain] DEBUG b.c.pc.omniflow.OmniflowApplication - Running with Spring Boot v4.0.3, Spring v7.0.5
2026-02-26 23:07:13 [restartedMain] INFO  b.c.pc.omniflow.OmniflowApplication - The following 1 profile is active: "dev"
2026-02-26 23:07:13 [restartedMain] INFO  o.s.d.r.c.RepositoryConfigurationDelegate - Bootstrapping Spring Data JPA repositories in DEFAULT mode.
2026-02-26 23:07:13 [restartedMain] INFO  o.s.d.r.c.RepositoryConfigurationDelegate - Finished Spring Data repository scanning in 24 ms. Found 14 JPA repository interfaces.
2026-02-26 23:07:13 [restartedMain] INFO  o.s.boot.tomcat.TomcatWebServer - Tomcat initialized with port 8080 (http)
2026-02-26 23:07:13 [restartedMain] INFO  o.a.catalina.core.StandardService - Starting service [Tomcat]
2026-02-26 23:07:13 [restartedMain] INFO  o.a.catalina.core.StandardEngine - Starting Servlet engine: [Apache Tomcat/11.0.18]
2026-02-26 23:07:13 [restartedMain] INFO  o.s.b.w.c.s.WebApplicationContextInitializer - Root WebApplicationContext: initialization completed in 256 ms
2026-02-26 23:07:13 [restartedMain] INFO  org.hibernate.orm.jpa - HHH008540: Processing PersistenceUnitInfo [name: default]
2026-02-26 23:07:13 [restartedMain] INFO  o.s.o.j.p.SpringPersistenceUnitInfo - No LoadTimeWeaver setup: ignoring JPA class transformer
2026-02-26 23:07:13 [restartedMain] INFO  com.zaxxer.hikari.HikariDataSource - HikariPool-51 - Starting...
2026-02-26 23:07:13 [restartedMain] INFO  com.zaxxer.hikari.pool.HikariPool - HikariPool-51 - Added connection org.postgresql.jdbc.PgConnection@15b50ca4
2026-02-26 23:07:13 [restartedMain] INFO  com.zaxxer.hikari.HikariDataSource - HikariPool-51 - Start completed.
2026-02-26 23:07:13 [restartedMain] WARN  org.hibernate.orm.deprecation - HHH90000025: PostgreSQLDialect does not need to be specified explicitly using 'hibernate.dialect' (remove the property setting and it will be selected by default)
2026-02-26 23:07:13 [restartedMain] INFO  o.hibernate.orm.connections.pooling - HHH10001005: Database info:
	Database JDBC URL [jdbc:postgresql://10.0.1.9:5438/omniflow]
	Database driver: PostgreSQL JDBC Driver
	Database dialect: PostgreSQLDialect
	Database version: 16.2
	Default catalog/schema: omniflow/public
	Autocommit mode: undefined/unknown
	Isolation level: READ_COMMITTED [default READ_COMMITTED]
	JDBC fetch size: none
	Pool: DataSourceConnectionProvider
	Minimum pool size: undefined/unknown
	Maximum pool size: undefined/unknown
2026-02-26 23:07:13 [restartedMain] WARN  org.hibernate.orm.core - HHH000038: Composite id class does not override equals(): br.com.pc.omniflow.domain.model.EstoqueSaldoId
2026-02-26 23:07:13 [restartedMain] INFO  org.hibernate.orm.core - HHH000489: No JTA platform available (set 'hibernate.transaction.jta.platform' to enable JTA platform integration)
2026-02-26 23:07:15 [restartedMain] INFO  o.s.o.j.LocalContainerEntityManagerFactoryBean - Initialized JPA EntityManagerFactory for persistence unit 'default'
2026-02-26 23:07:15 [restartedMain] WARN  o.s.b.j.a.JpaBaseConfiguration$JpaWebConfiguration - spring.jpa.open-in-view is enabled by default. Therefore, database queries may be performed during view rendering. Explicitly configure spring.jpa.open-in-view to disable this warning
2026-02-26 23:07:15 [restartedMain] INFO  o.s.boot.tomcat.TomcatWebServer - Tomcat started on port 8080 (http) with context path '/'
2026-02-26 23:07:15 [restartedMain] INFO  b.c.pc.omniflow.OmniflowApplication - Started OmniflowApplication in 2.05 seconds (process running for 7178.733)
2026-02-26 23:07:15 [restartedMain] INFO  b.c.p.omniflow.service.NfeXmlService - Recebido arquivo para importação: 
2026-02-26 23:07:15 [restartedMain] INFO  b.c.p.omniflow.service.NfeXmlService - Formato de arquivo não suportado: 
2026-02-26 23:07:15 [restartedMain] INFO  o.s.b.d.a.ConditionEvaluationDeltaLoggingListener - Condition evaluation unchanged
2026-02-26 23:07:30 [File Watcher] INFO  o.s.b.d.a.LocalDevToolsAutoConfiguration$RestartingClassPathChangeChangedEventListener - Restarting due to 1 class path change (0 additions, 0 deletions, 1 modification)
2026-02-26 23:07:30 [Thread-196] INFO  o.s.boot.tomcat.GracefulShutdown - Commencing graceful shutdown. Waiting for active requests to complete
2026-02-26 23:07:30 [tomcat-shutdown] INFO  o.s.boot.tomcat.GracefulShutdown - Graceful shutdown complete
2026-02-26 23:07:30 [Thread-196] INFO  o.s.o.j.LocalContainerEntityManagerFactoryBean - Closing JPA EntityManagerFactory for persistence unit 'default'
2026-02-26 23:07:30 [Thread-196] INFO  com.zaxxer.hikari.HikariDataSource - HikariPool-51 - Shutdown initiated...
2026-02-26 23:07:30 [Thread-196] INFO  com.zaxxer.hikari.HikariDataSource - HikariPool-51 - Shutdown completed.
2026-02-26 23:07:30 [restartedMain] INFO  b.c.pc.omniflow.OmniflowApplication - Starting OmniflowApplication using Java 17.0.15 with PID 1388877 (/home/paulo/Documentos/projetos/omniflow/target/classes started by paulo in /home/paulo/Documentos/projetos/omniflow)
2026-02-26 23:07:30 [restartedMain] DEBUG b.c.pc.omniflow.OmniflowApplication - Running with Spring Boot v4.0.3, Spring v7.0.5
2026-02-26 23:07:30 [restartedMain] INFO  b.c.pc.omniflow.OmniflowApplication - The following 1 profile is active: "dev"
2026-02-26 23:07:30 [restartedMain] INFO  o.s.d.r.c.RepositoryConfigurationDelegate - Bootstrapping Spring Data JPA repositories in DEFAULT mode.
2026-02-26 23:07:30 [restartedMain] INFO  o.s.d.r.c.RepositoryConfigurationDelegate - Finished Spring Data repository scanning in 22 ms. Found 14 JPA repository interfaces.
2026-02-26 23:07:31 [restartedMain] INFO  o.s.boot.tomcat.TomcatWebServer - Tomcat initialized with port 8080 (http)
2026-02-26 23:07:31 [restartedMain] INFO  o.a.catalina.core.StandardService - Starting service [Tomcat]
2026-02-26 23:07:31 [restartedMain] INFO  o.a.catalina.core.StandardEngine - Starting Servlet engine: [Apache Tomcat/11.0.18]
2026-02-26 23:07:31 [restartedMain] INFO  o.s.b.w.c.s.WebApplicationContextInitializer - Root WebApplicationContext: initialization completed in 230 ms
2026-02-26 23:07:31 [restartedMain] INFO  org.hibernate.orm.jpa - HHH008540: Processing PersistenceUnitInfo [name: default]
2026-02-26 23:07:31 [restartedMain] INFO  o.s.o.j.p.SpringPersistenceUnitInfo - No LoadTimeWeaver setup: ignoring JPA class transformer
2026-02-26 23:07:31 [restartedMain] INFO  com.zaxxer.hikari.HikariDataSource - HikariPool-52 - Starting...
2026-02-26 23:07:31 [restartedMain] INFO  com.zaxxer.hikari.pool.HikariPool - HikariPool-52 - Added connection org.postgresql.jdbc.PgConnection@5b21d137
2026-02-26 23:07:31 [restartedMain] INFO  com.zaxxer.hikari.HikariDataSource - HikariPool-52 - Start completed.
2026-02-26 23:07:31 [restartedMain] WARN  org.hibernate.orm.deprecation - HHH90000025: PostgreSQLDialect does not need to be specified explicitly using 'hibernate.dialect' (remove the property setting and it will be selected by default)
2026-02-26 23:07:31 [restartedMain] INFO  o.hibernate.orm.connections.pooling - HHH10001005: Database info:
	Database JDBC URL [jdbc:postgresql://10.0.1.9:5438/omniflow]
	Database driver: PostgreSQL JDBC Driver
	Database dialect: PostgreSQLDialect
	Database version: 16.2
	Default catalog/schema: omniflow/public
	Autocommit mode: undefined/unknown
	Isolation level: READ_COMMITTED [default READ_COMMITTED]
	JDBC fetch size: none
	Pool: DataSourceConnectionProvider
	Minimum pool size: undefined/unknown
	Maximum pool size: undefined/unknown
2026-02-26 23:07:31 [restartedMain] WARN  org.hibernate.orm.core - HHH000038: Composite id class does not override equals(): br.com.pc.omniflow.domain.model.EstoqueSaldoId
2026-02-26 23:07:31 [restartedMain] INFO  org.hibernate.orm.core - HHH000489: No JTA platform available (set 'hibernate.transaction.jta.platform' to enable JTA platform integration)
2026-02-26 23:07:32 [restartedMain] INFO  o.s.o.j.LocalContainerEntityManagerFactoryBean - Initialized JPA EntityManagerFactory for persistence unit 'default'
2026-02-26 23:07:32 [restartedMain] WARN  o.s.b.j.a.JpaBaseConfiguration$JpaWebConfiguration - spring.jpa.open-in-view is enabled by default. Therefore, database queries may be performed during view rendering. Explicitly configure spring.jpa.open-in-view to disable this warning
2026-02-26 23:07:32 [restartedMain] INFO  o.s.boot.tomcat.TomcatWebServer - Tomcat started on port 8080 (http) with context path '/'
2026-02-26 23:07:32 [restartedMain] INFO  b.c.pc.omniflow.OmniflowApplication - Started OmniflowApplication in 1.777 seconds (process running for 7195.974)
2026-02-26 23:07:32 [restartedMain] INFO  b.c.p.omniflow.service.NfeXmlService - Recebido arquivo para importação: 
2026-02-26 23:07:32 [restartedMain] INFO  b.c.p.omniflow.service.NfeXmlService - Formato de arquivo não suportado: 
2026-02-26 23:07:32 [restartedMain] INFO  o.s.b.d.a.ConditionEvaluationDeltaLoggingListener - Condition evaluation unchanged
2026-02-26 23:09:17 [File Watcher] INFO  o.s.b.d.a.LocalDevToolsAutoConfiguration$RestartingClassPathChangeChangedEventListener - Restarting due to 1 class path change (0 additions, 1 deletion, 0 modifications)
2026-02-26 23:09:17 [Thread-200] INFO  o.s.boot.tomcat.GracefulShutdown - Commencing graceful shutdown. Waiting for active requests to complete
2026-02-26 23:09:17 [tomcat-shutdown] INFO  o.s.boot.tomcat.GracefulShutdown - Graceful shutdown complete
2026-02-26 23:09:17 [Thread-200] INFO  o.s.o.j.LocalContainerEntityManagerFactoryBean - Closing JPA EntityManagerFactory for persistence unit 'default'
2026-02-26 23:09:17 [Thread-200] INFO  com.zaxxer.hikari.HikariDataSource - HikariPool-52 - Shutdown initiated...
2026-02-26 23:09:17 [Thread-200] INFO  com.zaxxer.hikari.HikariDataSource - HikariPool-52 - Shutdown completed.
2026-02-26 23:09:17 [restartedMain] INFO  b.c.pc.omniflow.OmniflowApplication - Starting OmniflowApplication using Java 17.0.15 with PID 1388877 (/home/paulo/Documentos/projetos/omniflow/target/classes started by paulo in /home/paulo/Documentos/projetos/omniflow)
2026-02-26 23:09:17 [restartedMain] DEBUG b.c.pc.omniflow.OmniflowApplication - Running with Spring Boot v4.0.3, Spring v7.0.5
2026-02-26 23:09:17 [restartedMain] INFO  b.c.pc.omniflow.OmniflowApplication - The following 1 profile is active: "dev"
2026-02-26 23:09:18 [restartedMain] INFO  o.s.d.r.c.RepositoryConfigurationDelegate - Bootstrapping Spring Data JPA repositories in DEFAULT mode.
2026-02-26 23:09:18 [restartedMain] INFO  o.s.d.r.c.RepositoryConfigurationDelegate - Finished Spring Data repository scanning in 31 ms. Found 14 JPA repository interfaces.
2026-02-26 23:09:18 [restartedMain] INFO  o.s.boot.tomcat.TomcatWebServer - Tomcat initialized with port 8080 (http)
2026-02-26 23:09:18 [restartedMain] INFO  o.a.catalina.core.StandardService - Starting service [Tomcat]
2026-02-26 23:09:18 [restartedMain] INFO  o.a.catalina.core.StandardEngine - Starting Servlet engine: [Apache Tomcat/11.0.18]
2026-02-26 23:09:18 [restartedMain] INFO  o.s.b.w.c.s.WebApplicationContextInitializer - Root WebApplicationContext: initialization completed in 293 ms
2026-02-26 23:09:18 [restartedMain] INFO  org.hibernate.orm.jpa - HHH008540: Processing PersistenceUnitInfo [name: default]
2026-02-26 23:09:18 [restartedMain] INFO  o.s.o.j.p.SpringPersistenceUnitInfo - No LoadTimeWeaver setup: ignoring JPA class transformer
2026-02-26 23:09:18 [restartedMain] INFO  com.zaxxer.hikari.HikariDataSource - HikariPool-53 - Starting...
2026-02-26 23:09:18 [restartedMain] INFO  com.zaxxer.hikari.pool.HikariPool - HikariPool-53 - Added connection org.postgresql.jdbc.PgConnection@6de211ea
2026-02-26 23:09:18 [restartedMain] INFO  com.zaxxer.hikari.HikariDataSource - HikariPool-53 - Start completed.
2026-02-26 23:09:18 [restartedMain] WARN  org.hibernate.orm.deprecation - HHH90000025: PostgreSQLDialect does not need to be specified explicitly using 'hibernate.dialect' (remove the property setting and it will be selected by default)
2026-02-26 23:09:18 [restartedMain] INFO  o.hibernate.orm.connections.pooling - HHH10001005: Database info:
	Database JDBC URL [jdbc:postgresql://10.0.1.9:5438/omniflow]
	Database driver: PostgreSQL JDBC Driver
	Database dialect: PostgreSQLDialect
	Database version: 16.2
	Default catalog/schema: omniflow/public
	Autocommit mode: undefined/unknown
	Isolation level: READ_COMMITTED [default READ_COMMITTED]
	JDBC fetch size: none
	Pool: DataSourceConnectionProvider
	Minimum pool size: undefined/unknown
	Maximum pool size: undefined/unknown
2026-02-26 23:09:18 [restartedMain] WARN  org.hibernate.orm.core - HHH000038: Composite id class does not override equals(): br.com.pc.omniflow.domain.model.EstoqueSaldoId
2026-02-26 23:09:18 [restartedMain] INFO  org.hibernate.orm.core - HHH000489: No JTA platform available (set 'hibernate.transaction.jta.platform' to enable JTA platform integration)
2026-02-26 23:09:19 [restartedMain] INFO  o.s.o.j.LocalContainerEntityManagerFactoryBean - Initialized JPA EntityManagerFactory for persistence unit 'default'
2026-02-26 23:09:19 [restartedMain] WARN  o.s.b.j.a.JpaBaseConfiguration$JpaWebConfiguration - spring.jpa.open-in-view is enabled by default. Therefore, database queries may be performed during view rendering. Explicitly configure spring.jpa.open-in-view to disable this warning
2026-02-26 23:09:19 [restartedMain] INFO  o.s.boot.tomcat.TomcatWebServer - Tomcat started on port 8080 (http) with context path '/'
2026-02-26 23:09:19 [restartedMain] INFO  b.c.pc.omniflow.OmniflowApplication - Started OmniflowApplication in 1.919 seconds (process running for 7303.319)
2026-02-26 23:09:19 [restartedMain] INFO  b.c.p.omniflow.service.NfeXmlService - Recebido arquivo para importação: 
2026-02-26 23:09:19 [restartedMain] INFO  b.c.p.omniflow.service.NfeXmlService - Formato de arquivo não suportado: 
2026-02-26 23:09:19 [restartedMain] INFO  o.s.b.d.a.ConditionEvaluationDeltaLoggingListener - Condition evaluation unchanged
2026-02-26 23:11:43 [File Watcher] INFO  o.s.b.d.a.LocalDevToolsAutoConfiguration$RestartingClassPathChangeChangedEventListener - Restarting due to 1 class path change (0 additions, 1 deletion, 0 modifications)
2026-02-26 23:11:43 [Thread-204] INFO  o.s.boot.tomcat.GracefulShutdown - Commencing graceful shutdown. Waiting for active requests to complete
2026-02-26 23:11:43 [tomcat-shutdown] INFO  o.s.boot.tomcat.GracefulShutdown - Graceful shutdown complete
2026-02-26 23:11:43 [Thread-204] INFO  o.s.o.j.LocalContainerEntityManagerFactoryBean - Closing JPA EntityManagerFactory for persistence unit 'default'
2026-02-26 23:11:44 [Thread-204] INFO  com.zaxxer.hikari.HikariDataSource - HikariPool-53 - Shutdown initiated...
2026-02-26 23:11:44 [Thread-204] INFO  com.zaxxer.hikari.HikariDataSource - HikariPool-53 - Shutdown completed.
2026-02-26 23:11:44 [restartedMain] INFO  b.c.pc.omniflow.OmniflowApplication - Starting OmniflowApplication using Java 17.0.15 with PID 1388877 (/home/paulo/Documentos/projetos/omniflow/target/classes started by paulo in /home/paulo/Documentos/projetos/omniflow)
2026-02-26 23:11:44 [restartedMain] DEBUG b.c.pc.omniflow.OmniflowApplication - Running with Spring Boot v4.0.3, Spring v7.0.5
2026-02-26 23:11:44 [restartedMain] INFO  b.c.pc.omniflow.OmniflowApplication - The following 1 profile is active: "dev"
2026-02-26 23:11:44 [restartedMain] INFO  o.s.d.r.c.RepositoryConfigurationDelegate - Bootstrapping Spring Data JPA repositories in DEFAULT mode.
2026-02-26 23:11:44 [restartedMain] INFO  o.s.d.r.c.RepositoryConfigurationDelegate - Finished Spring Data repository scanning in 25 ms. Found 14 JPA repository interfaces.
2026-02-26 23:11:44 [restartedMain] INFO  o.s.boot.tomcat.TomcatWebServer - Tomcat initialized with port 8080 (http)
2026-02-26 23:11:44 [restartedMain] INFO  o.a.catalina.core.StandardService - Starting service [Tomcat]
2026-02-26 23:11:44 [restartedMain] INFO  o.a.catalina.core.StandardEngine - Starting Servlet engine: [Apache Tomcat/11.0.18]
2026-02-26 23:11:44 [restartedMain] INFO  o.s.b.w.c.s.WebApplicationContextInitializer - Root WebApplicationContext: initialization completed in 252 ms
2026-02-26 23:11:44 [restartedMain] INFO  org.hibernate.orm.jpa - HHH008540: Processing PersistenceUnitInfo [name: default]
2026-02-26 23:11:44 [restartedMain] INFO  o.s.o.j.p.SpringPersistenceUnitInfo - No LoadTimeWeaver setup: ignoring JPA class transformer
2026-02-26 23:11:44 [restartedMain] INFO  com.zaxxer.hikari.HikariDataSource - HikariPool-54 - Starting...
2026-02-26 23:11:44 [restartedMain] INFO  com.zaxxer.hikari.pool.HikariPool - HikariPool-54 - Added connection org.postgresql.jdbc.PgConnection@36933125
2026-02-26 23:11:44 [restartedMain] INFO  com.zaxxer.hikari.HikariDataSource - HikariPool-54 - Start completed.
2026-02-26 23:11:44 [restartedMain] WARN  org.hibernate.orm.deprecation - HHH90000025: PostgreSQLDialect does not need to be specified explicitly using 'hibernate.dialect' (remove the property setting and it will be selected by default)
2026-02-26 23:11:44 [restartedMain] INFO  o.hibernate.orm.connections.pooling - HHH10001005: Database info:
	Database JDBC URL [jdbc:postgresql://10.0.1.9:5438/omniflow]
	Database driver: PostgreSQL JDBC Driver
	Database dialect: PostgreSQLDialect
	Database version: 16.2
	Default catalog/schema: omniflow/public
	Autocommit mode: undefined/unknown
	Isolation level: READ_COMMITTED [default READ_COMMITTED]
	JDBC fetch size: none
	Pool: DataSourceConnectionProvider
	Minimum pool size: undefined/unknown
	Maximum pool size: undefined/unknown
2026-02-26 23:11:45 [restartedMain] WARN  org.hibernate.orm.core - HHH000038: Composite id class does not override equals(): br.com.pc.omniflow.domain.model.EstoqueSaldoId
2026-02-26 23:11:45 [restartedMain] INFO  org.hibernate.orm.core - HHH000489: No JTA platform available (set 'hibernate.transaction.jta.platform' to enable JTA platform integration)
2026-02-26 23:11:46 [restartedMain] INFO  o.s.o.j.LocalContainerEntityManagerFactoryBean - Initialized JPA EntityManagerFactory for persistence unit 'default'
2026-02-26 23:11:46 [restartedMain] WARN  o.s.b.j.a.JpaBaseConfiguration$JpaWebConfiguration - spring.jpa.open-in-view is enabled by default. Therefore, database queries may be performed during view rendering. Explicitly configure spring.jpa.open-in-view to disable this warning
2026-02-26 23:11:46 [restartedMain] INFO  o.s.boot.tomcat.TomcatWebServer - Tomcat started on port 8080 (http) with context path '/'
2026-02-26 23:11:46 [restartedMain] INFO  b.c.pc.omniflow.OmniflowApplication - Started OmniflowApplication in 2.117 seconds (process running for 7449.921)
2026-02-26 23:11:46 [restartedMain] INFO  b.c.p.omniflow.service.NfeXmlService - Recebido arquivo para importação: 
2026-02-26 23:11:46 [restartedMain] INFO  b.c.p.omniflow.service.NfeXmlService - Formato de arquivo não suportado: 
2026-02-26 23:11:46 [restartedMain] INFO  o.s.b.d.a.ConditionEvaluationDeltaLoggingListener - Condition evaluation unchanged
2026-02-26 23:12:10 [File Watcher] INFO  o.s.b.d.a.LocalDevToolsAutoConfiguration$RestartingClassPathChangeChangedEventListener - Restarting due to 1 class path change (0 additions, 1 deletion, 0 modifications)
2026-02-26 23:12:10 [Thread-208] INFO  o.s.boot.tomcat.GracefulShutdown - Commencing graceful shutdown. Waiting for active requests to complete
2026-02-26 23:12:10 [tomcat-shutdown] INFO  o.s.boot.tomcat.GracefulShutdown - Graceful shutdown complete
2026-02-26 23:12:10 [Thread-208] INFO  o.s.o.j.LocalContainerEntityManagerFactoryBean - Closing JPA EntityManagerFactory for persistence unit 'default'
2026-02-26 23:12:11 [Thread-208] INFO  com.zaxxer.hikari.HikariDataSource - HikariPool-54 - Shutdown initiated...
2026-02-26 23:12:11 [Thread-208] INFO  com.zaxxer.hikari.HikariDataSource - HikariPool-54 - Shutdown completed.
2026-02-26 23:12:11 [restartedMain] INFO  b.c.pc.omniflow.OmniflowApplication - Starting OmniflowApplication using Java 17.0.15 with PID 1388877 (/home/paulo/Documentos/projetos/omniflow/target/classes started by paulo in /home/paulo/Documentos/projetos/omniflow)
2026-02-26 23:12:11 [restartedMain] DEBUG b.c.pc.omniflow.OmniflowApplication - Running with Spring Boot v4.0.3, Spring v7.0.5
2026-02-26 23:12:11 [restartedMain] INFO  b.c.pc.omniflow.OmniflowApplication - The following 1 profile is active: "dev"
2026-02-26 23:12:11 [restartedMain] INFO  o.s.d.r.c.RepositoryConfigurationDelegate - Bootstrapping Spring Data JPA repositories in DEFAULT mode.
2026-02-26 23:12:11 [restartedMain] INFO  o.s.d.r.c.RepositoryConfigurationDelegate - Finished Spring Data repository scanning in 32 ms. Found 14 JPA repository interfaces.
2026-02-26 23:12:11 [restartedMain] INFO  o.s.boot.tomcat.TomcatWebServer - Tomcat initialized with port 8080 (http)
2026-02-26 23:12:11 [restartedMain] INFO  o.a.catalina.core.StandardService - Starting service [Tomcat]
2026-02-26 23:12:11 [restartedMain] INFO  o.a.catalina.core.StandardEngine - Starting Servlet engine: [Apache Tomcat/11.0.18]
2026-02-26 23:12:11 [restartedMain] INFO  o.s.b.w.c.s.WebApplicationContextInitializer - Root WebApplicationContext: initialization completed in 279 ms
2026-02-26 23:12:11 [restartedMain] INFO  org.hibernate.orm.jpa - HHH008540: Processing PersistenceUnitInfo [name: default]
2026-02-26 23:12:11 [restartedMain] INFO  o.s.o.j.p.SpringPersistenceUnitInfo - No LoadTimeWeaver setup: ignoring JPA class transformer
2026-02-26 23:12:11 [restartedMain] INFO  com.zaxxer.hikari.HikariDataSource - HikariPool-55 - Starting...
2026-02-26 23:12:12 [restartedMain] INFO  com.zaxxer.hikari.pool.HikariPool - HikariPool-55 - Added connection org.postgresql.jdbc.PgConnection@63e831f
2026-02-26 23:12:12 [restartedMain] INFO  com.zaxxer.hikari.HikariDataSource - HikariPool-55 - Start completed.
2026-02-26 23:12:12 [restartedMain] WARN  org.hibernate.orm.deprecation - HHH90000025: PostgreSQLDialect does not need to be specified explicitly using 'hibernate.dialect' (remove the property setting and it will be selected by default)
2026-02-26 23:12:12 [restartedMain] INFO  o.hibernate.orm.connections.pooling - HHH10001005: Database info:
	Database JDBC URL [jdbc:postgresql://10.0.1.9:5438/omniflow]
	Database driver: PostgreSQL JDBC Driver
	Database dialect: PostgreSQLDialect
	Database version: 16.2
	Default catalog/schema: omniflow/public
	Autocommit mode: undefined/unknown
	Isolation level: READ_COMMITTED [default READ_COMMITTED]
	JDBC fetch size: none
	Pool: DataSourceConnectionProvider
	Minimum pool size: undefined/unknown
	Maximum pool size: undefined/unknown
2026-02-26 23:12:12 [restartedMain] WARN  org.hibernate.orm.core - HHH000038: Composite id class does not override equals(): br.com.pc.omniflow.domain.model.EstoqueSaldoId
2026-02-26 23:12:12 [restartedMain] INFO  org.hibernate.orm.core - HHH000489: No JTA platform available (set 'hibernate.transaction.jta.platform' to enable JTA platform integration)
2026-02-26 23:12:13 [restartedMain] INFO  o.s.o.j.LocalContainerEntityManagerFactoryBean - Initialized JPA EntityManagerFactory for persistence unit 'default'
2026-02-26 23:12:13 [restartedMain] WARN  o.s.b.j.a.JpaBaseConfiguration$JpaWebConfiguration - spring.jpa.open-in-view is enabled by default. Therefore, database queries may be performed during view rendering. Explicitly configure spring.jpa.open-in-view to disable this warning
2026-02-26 23:12:13 [restartedMain] INFO  o.s.boot.tomcat.TomcatWebServer - Tomcat started on port 8080 (http) with context path '/'
2026-02-26 23:12:13 [restartedMain] INFO  b.c.pc.omniflow.OmniflowApplication - Started OmniflowApplication in 1.966 seconds (process running for 7476.974)
2026-02-26 23:12:13 [restartedMain] INFO  b.c.p.omniflow.service.NfeXmlService - Recebido arquivo para importação: 
2026-02-26 23:12:13 [restartedMain] INFO  b.c.p.omniflow.service.NfeXmlService - Formato de arquivo não suportado: 
2026-02-26 23:12:13 [restartedMain] INFO  o.s.b.d.a.ConditionEvaluationDeltaLoggingListener - Condition evaluation unchanged
2026-02-26 23:17:16 [SpringApplicationShutdownHook] INFO  o.s.boot.tomcat.GracefulShutdown - Commencing graceful shutdown. Waiting for active requests to complete
2026-02-26 23:17:16 [tomcat-shutdown] INFO  o.s.boot.tomcat.GracefulShutdown - Graceful shutdown complete
2026-02-26 23:17:16 [SpringApplicationShutdownHook] INFO  o.s.o.j.LocalContainerEntityManagerFactoryBean - Closing JPA EntityManagerFactory for persistence unit 'default'
2026-02-26 23:17:16 [SpringApplicationShutdownHook] INFO  com.zaxxer.hikari.HikariDataSource - HikariPool-55 - Shutdown initiated...
2026-02-26 23:17:16 [SpringApplicationShutdownHook] INFO  com.zaxxer.hikari.HikariDataSource - HikariPool-55 - Shutdown completed.
2026-02-26 23:17:21 [restartedMain] INFO  b.c.pc.omniflow.OmniflowApplication - Starting OmniflowApplication using Java 17.0.15 with PID 1470750 (/home/paulo/Documentos/projetos/omniflow/target/classes started by paulo in /home/paulo/Documentos/projetos/omniflow)
2026-02-26 23:17:22 [restartedMain] DEBUG b.c.pc.omniflow.OmniflowApplication - Running with Spring Boot v4.0.3, Spring v7.0.5
2026-02-26 23:17:22 [restartedMain] INFO  b.c.pc.omniflow.OmniflowApplication - The following 1 profile is active: "dev"
2026-02-26 23:17:22 [restartedMain] INFO  o.s.b.d.e.DevToolsPropertyDefaultsPostProcessor - Devtools property defaults active! Set 'spring.devtools.add-properties' to 'false' to disable
2026-02-26 23:17:22 [restartedMain] INFO  o.s.b.d.e.DevToolsPropertyDefaultsPostProcessor - For additional web related logging consider setting the 'logging.level.web' property to 'DEBUG'
2026-02-26 23:17:23 [restartedMain] INFO  o.s.d.r.c.RepositoryConfigurationDelegate - Bootstrapping Spring Data JPA repositories in DEFAULT mode.
2026-02-26 23:17:24 [restartedMain] INFO  o.s.d.r.c.RepositoryConfigurationDelegate - Finished Spring Data repository scanning in 230 ms. Found 14 JPA repository interfaces.
2026-02-26 23:17:25 [restartedMain] INFO  o.s.boot.tomcat.TomcatWebServer - Tomcat initialized with port 8080 (http)
2026-02-26 23:17:25 [restartedMain] INFO  o.a.catalina.core.StandardService - Starting service [Tomcat]
2026-02-26 23:17:25 [restartedMain] INFO  o.a.catalina.core.StandardEngine - Starting Servlet engine: [Apache Tomcat/11.0.18]
2026-02-26 23:17:25 [restartedMain] INFO  o.s.b.w.c.s.WebApplicationContextInitializer - Root WebApplicationContext: initialization completed in 3557 ms
2026-02-26 23:17:26 [restartedMain] INFO  org.hibernate.orm.jpa - HHH008540: Processing PersistenceUnitInfo [name: default]
2026-02-26 23:17:26 [restartedMain] INFO  org.hibernate.orm.core - HHH000001: Hibernate ORM core version 7.2.4.Final
2026-02-26 23:17:27 [restartedMain] INFO  o.s.o.j.p.SpringPersistenceUnitInfo - No LoadTimeWeaver setup: ignoring JPA class transformer
2026-02-26 23:17:27 [restartedMain] INFO  com.zaxxer.hikari.HikariDataSource - HikariPool-1 - Starting...
2026-02-26 23:17:27 [restartedMain] INFO  com.zaxxer.hikari.pool.HikariPool - HikariPool-1 - Added connection org.postgresql.jdbc.PgConnection@7c0e1258
2026-02-26 23:17:27 [restartedMain] INFO  com.zaxxer.hikari.HikariDataSource - HikariPool-1 - Start completed.
2026-02-26 23:17:27 [restartedMain] WARN  org.hibernate.orm.deprecation - HHH90000025: PostgreSQLDialect does not need to be specified explicitly using 'hibernate.dialect' (remove the property setting and it will be selected by default)
2026-02-26 23:17:27 [restartedMain] INFO  o.hibernate.orm.connections.pooling - HHH10001005: Database info:
	Database JDBC URL [jdbc:postgresql://10.0.1.9:5438/omniflow]
	Database driver: PostgreSQL JDBC Driver
	Database dialect: PostgreSQLDialect
	Database version: 16.2
	Default catalog/schema: omniflow/public
	Autocommit mode: undefined/unknown
	Isolation level: READ_COMMITTED [default READ_COMMITTED]
	JDBC fetch size: none
	Pool: DataSourceConnectionProvider
	Minimum pool size: undefined/unknown
	Maximum pool size: undefined/unknown
2026-02-26 23:17:28 [restartedMain] WARN  org.hibernate.orm.core - HHH000038: Composite id class does not override equals(): br.com.pc.omniflow.domain.model.EstoqueSaldoId
2026-02-26 23:17:30 [restartedMain] INFO  org.hibernate.orm.core - HHH000489: No JTA platform available (set 'hibernate.transaction.jta.platform' to enable JTA platform integration)
2026-02-26 23:17:31 [restartedMain] INFO  o.s.o.j.LocalContainerEntityManagerFactoryBean - Initialized JPA EntityManagerFactory for persistence unit 'default'
2026-02-26 23:17:31 [restartedMain] INFO  o.s.d.j.r.q.QueryEnhancerFactories - Hibernate is in classpath; If applicable, HQL parser will be used.
2026-02-26 23:17:31 [restartedMain] WARN  o.s.b.j.a.JpaBaseConfiguration$JpaWebConfiguration - spring.jpa.open-in-view is enabled by default. Therefore, database queries may be performed during view rendering. Explicitly configure spring.jpa.open-in-view to disable this warning
2026-02-26 23:17:32 [restartedMain] INFO  o.s.boot.tomcat.TomcatWebServer - Tomcat started on port 8080 (http) with context path '/'
2026-02-26 23:17:32 [restartedMain] INFO  b.c.pc.omniflow.OmniflowApplication - Started OmniflowApplication in 11.999 seconds (process running for 13.024)
2026-02-26 23:17:32 [restartedMain] INFO  b.c.p.omniflow.service.NfeXmlService - Recebido arquivo para importação: 
2026-02-26 23:17:32 [restartedMain] INFO  b.c.p.omniflow.service.NfeXmlService - Formato de arquivo não suportado: 
